,age,income,children,income_zscore,age_MinMax,income_MinMax,kids_MinMax,gender_FEMALE,gender_MALE,region_INNER_CITY,region_RURAL,region_SUBURBAN,region_TOWN,married_NO,married_YES,car_NO,car_YES,savings_acct_NO,savings_acct_YES,current_acct_NO,current_acct_YES,mortgage_NO,mortgage_YES,pep_NO,pep_YES,age_bins_young,age_bins_mid-age,age_bins_old,id
0,48,17546.0,1,-0.7741680866808346,0.6122448979591837,0.21563448481990038,0.3333333333333333,1,0,1,0,0,0,1,0,1,0,1,0,1,0,1,0,0,1,0,1,0,ID12101
1,40,30085.1,3,0.19870630556250168,0.4489795918367347,0.4313947527948036,1.0,0,1,0,0,0,1,0,1,0,1,1,0,0,1,0,1,1,0,0,1,0,ID12102
2,51,16575.4,0,-0.8494742797179251,0.673469387755102,0.19893337261117403,0.0,1,0,1,0,0,0,0,1,0,1,0,1,0,1,1,0,1,0,0,1,0,ID12103
3,23,20375.4,3,-0.5546426976646136,0.10204081632653061,0.26431996481513065,1.0,1,0,0,0,0,1,0,1,1,0,1,0,0,1,1,0,1,0,1,0,0,ID12104
4,57,50576.3,0,1.7885623356074538,0.7959183673469388,0.7839867891552552,0.0,1,0,0,1,0,0,0,1,1,0,0,1,1,0,1,0,1,0,0,0,1,ID12105
5,57,37869.6,2,0.8026843188503974,0.7959183673469388,0.5653426283241985,0.6666666666666666,1,0,0,0,0,1,0,1,1,0,0,1,0,1,1,0,0,1,0,0,1,ID12106
6,22,8877.07,0,-1.4467665989464698,0.08163265306122448,0.06646822409499363,0.0,0,1,0,1,0,0,1,0,1,0,1,0,0,1,1,0,0,1,1,0,0,ID12107
7,58,24946.6,0,-0.19997582190616706,0.8163265306122449,0.3429765938369007,0.0,0,1,0,0,0,1,0,1,0,1,0,1,0,1,1,0,1,0,0,0,1,ID12108
8,37,25304.3,2,-0.17222285956393818,0.3877551020408163,0.34913153700304683,0.6666666666666666,1,0,0,0,1,0,0,1,0,1,1,0,1,0,1,0,1,0,0,1,0,ID12109
9,54,24212.1,2,-0.25696366322673475,0.7346938775510204,0.33033805384379383,0.6666666666666666,0,1,0,0,0,1,0,1,0,1,0,1,0,1,1,0,1,0,0,1,0,ID12110
10,66,59803.9,0,2.504506521543016,0.9795918367346939,0.9427660834239999,0.0,1,0,0,0,0,1,0,1,1,0,0,1,0,1,1,0,1,0,0,0,1,ID12111
11,52,26658.8,0,-0.06713091801361964,0.6938775510204082,0.3724384157241677,0.0,1,0,1,0,0,0,1,0,0,1,0,1,0,1,0,1,1,0,0,1,0,ID12112
12,44,15735.8,1,-0.9146165419000201,0.5306122448979592,0.18448637713368926,0.3333333333333333,1,0,0,0,0,1,0,1,1,0,0,1,0,1,0,1,0,1,0,1,0,ID12113
13,66,55204.7,1,2.1476672025483867,0.9795918367346939,0.8636276584596743,0.3333333333333333,1,0,0,0,0,1,0,1,0,1,0,1,0,1,0,1,0,1,0,0,1,ID12114
14,36,19474.6,0,-0.6245333000629356,0.3673469387755102,0.24881990106320317,0.0,0,1,0,1,0,0,0,1,1,0,0,1,0,1,0,1,1,0,0,1,0,ID12115
15,38,22342.1,0,-0.40205183650033804,0.40816326530612246,0.29816096768026784,0.0,1,0,1,0,0,0,0,1,0,1,0,1,0,1,0,1,1,0,0,1,0,ID12116
16,37,17729.8,2,-0.7599075485804666,0.3877551020408163,0.21879713104281806,0.6666666666666666,1,0,0,0,0,1,0,1,1,0,1,0,1,0,0,1,1,0,0,1,0,ID12117
17,46,41016.0,0,1.0468048687905394,0.5714285714285714,0.6194827266690746,0.0,1,0,0,0,1,0,0,1,1,0,0,1,1,0,0,1,1,0,0,1,0,ID12118
18,62,26909.2,0,-0.047703068501475,0.8979591836734694,0.3767470480104495,0.0,1,0,1,0,0,0,0,1,1,0,0,1,1,0,1,0,0,1,0,0,1,ID12119
19,31,22522.8,0,-0.3880318189011187,0.2653061224489796,0.30127027220954544,0.0,0,1,0,0,0,1,0,1,0,1,0,1,0,1,1,0,1,0,0,1,0,ID12120
20,61,57880.7,2,2.355290706120666,0.8775510204081632,0.9096735849696185,0.6666666666666666,0,1,1,0,0,0,0,1,1,0,0,1,1,0,1,0,0,1,0,0,1,ID12121
21,50,16497.3,2,-0.8555338446017051,0.6530612244897959,0.1975895060714032,0.6666666666666666,0,1,0,0,0,1,0,1,1,0,0,1,0,1,1,0,1,0,0,1,0,ID12122
22,54,38446.6,0,0.8474521669674396,0.7346938775510204,0.5752710661404308,0.0,0,1,1,0,0,0,0,1,1,0,0,1,0,1,1,0,1,0,0,1,0,ID12123
23,27,15538.8,0,-0.9299012318117312,0.1836734693877551,0.18109659853785257,0.0,1,0,0,0,0,1,1,0,0,1,0,1,0,1,0,1,1,0,1,0,0,ID12124
24,22,12640.3,2,-1.1547879003858164,0.08163265306122448,0.1312221149843872,0.6666666666666666,0,1,1,0,0,0,1,0,0,1,0,1,0,1,1,0,1,0,1,0,0,ID12125
25,56,41034.0,0,1.0482014394423709,0.7755102040816326,0.6197924526321459,0.0,0,1,1,0,0,0,0,1,0,1,0,1,0,1,0,1,1,0,0,0,1,ID12126
26,45,20809.7,0,-0.5209465513262576,0.5510204081632653,0.27179296402412495,0.0,0,1,1,0,0,0,0,1,1,0,0,1,0,1,0,1,1,0,0,1,0,ID12127
27,39,20114.0,1,-0.5749240070195442,0.42857142857142855,0.25982205555141635,0.3333333333333333,1,0,0,0,0,1,0,1,1,0,1,0,0,1,1,0,0,1,0,1,0,ID12128
28,39,29359.1,3,0.14237795593863217,0.42857142857142855,0.4189024722842582,1.0,1,0,1,0,0,0,1,0,0,1,1,0,0,1,0,1,1,0,0,1,0,ID12129
29,61,24270.1,1,-0.25246360223750003,0.8775510204081632,0.33133605972480157,0.3333333333333333,0,1,0,1,0,0,0,1,1,0,1,0,0,1,1,0,0,1,0,0,1,ID12130
30,61,22942.9,2,-0.3554374116325406,0.8775510204081632,0.30849893204767237,0.6666666666666666,1,0,0,1,0,0,0,1,1,0,0,1,0,1,1,0,1,0,0,0,1,ID12131
31,20,16325.8,2,-0.8688400594233217,0.04081632653061224,0.19463850592325094,0.6666666666666666,1,0,0,0,0,1,0,1,1,0,0,1,1,0,1,0,1,0,1,0,0,ID12132
32,45,23443.2,1,-0.3166205062374691,0.5510204081632653,0.3171075931212617,0.3333333333333333,0,1,0,0,1,0,0,1,0,1,0,1,0,1,1,0,0,1,0,1,0,ID12133
33,33,29921.3,3,0.1859975126308353,0.30612244897959184,0.42857624653085413,1.0,1,0,1,0,0,0,1,0,0,1,0,1,1,0,1,0,1,0,0,1,0,ID12134
34,43,37521.9,0,0.7757072290925195,0.5102040816326531,0.5593597551375364,0.0,0,1,0,0,1,0,1,0,1,0,0,1,0,1,1,0,0,1,0,1,0,ID12135
35,27,19868.0,2,-0.5940104725945743,0.1836734693877551,0.25558913405610756,0.6666666666666666,1,0,1,0,0,0,0,1,1,0,0,1,0,1,1,0,1,0,1,0,0,ID12136
36,19,10953.0,3,-1.2857008815433302,0.02040816326530612,0.10218874734603565,1.0,0,1,0,1,0,0,0,1,0,1,0,1,0,1,1,0,1,0,1,0,0,ID12137
37,36,13381.0,0,-1.097319018062951,0.3673469387755102,0.14396733836477427,0.0,1,0,0,1,0,0,1,0,0,1,1,0,0,1,1,0,0,1,0,1,0,ID12138
38,43,18504.3,0,-0.6998162169224956,0.5102040816326531,0.23212395095386132,0.0,1,0,0,0,0,1,0,1,0,1,0,1,0,1,1,0,1,0,0,1,0,ID12139
39,66,25391.5,2,-0.16545725062839897,0.9795918367346939,0.3506319872241482,0.6666666666666666,1,0,0,0,1,0,1,0,1,0,1,0,0,1,1,0,1,0,0,0,1,ID12140
40,55,26774.2,0,-0.05817734839021107,0.7551020408163265,0.3744241032874142,0.0,0,1,0,0,0,1,0,1,1,0,1,0,0,1,0,1,0,1,0,1,0,ID12141
41,47,26952.6,0,-0.04433578148539261,0.5918367346938775,0.37749383172141043,0.0,1,0,1,0,0,0,0,1,0,1,1,0,0,1,1,0,1,0,0,1,0,ID12142
42,67,55716.5,2,2.187376361415462,1.0,0.8724342000096703,0.6666666666666666,0,1,0,0,0,1,1,0,0,1,0,1,1,0,1,0,0,1,0,0,1,ID12143
43,32,27571.5,0,0.003682972760079734,0.2857142857142857,0.38814324275168116,0.0,1,0,0,0,0,1,0,1,0,1,1,0,0,1,0,1,1,0,0,1,0,ID12144
44,20,13740.0,2,-1.0694651922847567,0.04081632653061224,0.15014465062825333,0.6666666666666666,0,1,1,0,0,0,1,0,0,1,0,1,0,1,0,1,1,0,1,0,0,ID12145
45,64,52670.6,2,1.9510533309480456,0.9387755102040817,0.8200234049586094,0.6666666666666666,0,1,1,0,0,0,0,1,1,0,0,1,0,1,0,1,0,1,0,0,1,ID12146
46,50,13283.9,1,-1.1048527408569975,0.6530612244897959,0.14229653886398366,0.3333333333333333,1,0,1,0,0,0,1,0,0,1,0,1,0,1,1,0,0,1,0,1,0,ID12147
47,29,13106.6,2,-1.1186089617775374,0.22448979591836735,0.13924573812773064,0.6666666666666666,0,1,1,0,0,0,1,0,1,0,0,1,0,1,0,1,0,1,1,0,0,ID12148
48,52,39547.8,2,0.9328912559561522,0.6938775510204082,0.5942194122812196,0.6666666666666666,0,1,1,0,0,0,1,0,0,1,1,0,0,1,1,0,0,1,0,1,0,ID12149
49,47,17867.3,2,-0.7492393005456428,0.5918367346938775,0.2211630932607244,0.6666666666666666,1,0,0,1,0,0,0,1,0,1,0,1,1,0,1,0,1,0,0,1,0,ID12150
50,24,14309.7,2,-1.0252637311542903,0.12244897959183673,0.1599474773594623,0.6666666666666666,0,1,0,0,0,1,1,0,0,1,0,1,1,0,1,0,1,0,1,0,0,ID12151
51,36,23894.8,0,-0.2815821003281862,0.3673469387755102,0.3248782733947635,0.0,0,1,0,0,0,1,0,1,1,0,1,0,1,0,1,0,1,0,0,1,0,ID12152
52,43,16259.7,1,-0.8739685772058805,0.5102040816326531,0.1935011233588611,0.3333333333333333,0,1,0,0,0,1,0,1,1,0,0,1,0,1,1,0,0,1,0,1,0,ID12153
53,48,29794.1,1,0.1761284133578928,0.6122448979591837,0.42638751639181643,0.3333333333333333,0,1,0,0,1,0,1,0,1,0,0,1,0,1,1,0,0,1,0,1,0,ID12154
54,63,56842.5,0,2.2747396144133645,0.9183673469387755,0.8918092796995796,0.0,0,1,0,0,0,1,0,1,1,0,0,1,0,1,0,1,1,0,0,0,1,ID12155
55,52,47835.8,3,1.5759344538661118,0.6938775510204082,0.7368310112776386,1.0,1,0,0,1,0,0,1,0,1,0,0,1,1,0,1,0,0,1,0,1,0,ID12156
56,58,24977.5,0,-0.1975783756205229,0.8163265306122449,0.3435082900735066,0.0,1,0,1,0,0,0,1,0,1,0,1,0,0,1,1,0,0,1,0,0,1,ID12157
57,28,23124.9,0,-0.34131653059735567,0.20408163265306123,0.3116306056742829,0.0,0,1,1,0,0,0,0,1,1,0,0,1,0,1,1,0,0,1,1,0,0,ID12158
58,29,15143.8,0,-0.9605481988935886,0.22448979591836735,0.17429983434823076,0.0,1,0,1,0,0,0,0,1,1,0,1,0,0,1,1,0,1,0,1,0,0,ID12159
59,34,25334.3,1,-0.16989524181088572,0.32653061224489793,0.34964774694149914,0.3333333333333333,0,1,1,0,0,0,1,0,0,1,0,1,0,1,0,1,0,1,0,1,0,ID12160
60,42,24763.3,1,-0.21419756637731752,0.4897959183673469,0.3398225511129572,0.3333333333333333,1,0,1,0,0,0,0,1,1,0,0,1,0,1,0,1,0,1,0,1,0,ID12161
61,65,36589.0,1,0.7033260756984314,0.9591836734693877,0.5433073467514651,0.3333333333333333,1,0,1,0,0,0,1,0,0,1,1,0,0,1,1,0,0,1,0,0,1,ID12162
62,47,27022.6,2,-0.038904673394936876,0.5918367346938775,0.3786983215777991,0.6666666666666666,0,1,1,0,0,0,0,1,1,0,0,1,0,1,1,0,1,0,0,1,0,ID12163
63,20,11700.4,0,-1.22771216458895,0.04081632653061224,0.11504925761267701,0.0,0,1,1,0,0,0,0,1,1,0,0,1,1,0,1,0,1,0,1,0,0,ID12164
64,21,5014.21,0,-1.7464753160650106,0.061224489795918366,0.0,0.0,0,1,0,0,0,1,1,0,0,1,0,1,0,1,0,1,1,0,1,0,0,ID12165
65,42,17390.1,0,-0.786263940270864,0.4897959183673469,0.2129519138397433,0.0,0,1,1,0,0,0,0,1,1,0,0,1,0,1,1,0,1,0,0,1,0,ID12166
66,19,10861.0,2,-1.2928389093193577,0.02040816326530612,0.10060570353478197,0.6666666666666666,0,1,0,0,0,1,1,0,1,0,0,1,0,1,1,0,1,0,1,0,0,ID12167
67,41,34892.9,0,0.571730326666689,0.46938775510204084,0.5141225575311675,0.0,1,0,0,0,0,1,1,0,1,0,0,1,0,1,0,1,1,0,0,1,0,ID12168
68,30,19403.1,2,-0.630080789041044,0.24489795918367346,0.2475896007098919,0.6666666666666666,0,1,0,0,0,1,1,0,1,0,0,1,0,1,1,0,1,0,1,0,0,ID12169
69,31,10441.9,2,-1.3253557293295004,0.2653061224489796,0.09339425069460348,0.6666666666666666,1,0,0,1,0,0,0,1,1,0,1,0,0,1,1,0,0,1,0,1,0,ID12170
70,25,14064.9,3,-1.0442570920191985,0.14285714285714285,0.15573520426169157,1.0,0,1,1,0,0,0,0,1,0,1,0,1,0,1,1,0,1,0,1,0,0,ID12171
71,21,8062.73,0,-1.5099490069804946,0.061224489795918366,0.05245587738568573,0.0,0,1,1,0,0,0,1,0,1,0,1,0,0,1,1,0,0,1,1,0,0,ID12172
72,36,31982.0,3,0.3458815760880088,0.3673469387755102,0.4640347072031419,1.0,0,1,1,0,0,0,0,1,0,1,0,1,0,1,0,1,0,1,0,1,0,ID12173
73,58,23197.5,2,-0.33568369563496886,0.8163265306122449,0.31287983372533745,0.6666666666666666,1,0,1,0,0,0,0,1,1,0,0,1,1,0,0,1,1,0,0,0,1,ID12174
74,64,52674.0,2,1.9513171276267252,0.9387755102040817,0.820081908751634,0.6666666666666666,1,0,1,0,0,0,1,0,0,1,0,1,0,1,1,0,0,1,0,0,1,ID12175
75,59,35610.5,2,0.6274069433197037,0.8367346938775511,0.5264702992589463,0.6666666666666666,1,0,0,1,0,0,1,0,0,1,1,0,1,0,1,0,0,1,0,0,1,ID12176
76,45,26948.0,0,-0.04469268287419388,0.5510204081632653,0.3774146795308478,0.0,1,0,0,0,0,1,1,0,1,0,0,1,0,1,0,1,1,0,0,1,0,ID12177
77,61,49456.7,1,1.7016956410635355,0.8775510204081632,0.7647218342522156,0.3333333333333333,0,1,1,0,0,0,0,1,0,1,0,1,0,1,0,1,0,1,0,0,1,ID12178
78,30,14724.5,0,-0.9930805363554184,0.24489795918367346,0.16708494010846262,0.0,1,0,1,0,0,0,0,1,0,1,1,0,0,1,1,0,1,0,1,0,0,ID12179
79,58,34524.9,2,0.5431782155625788,0.8163265306122449,0.5077903822861528,0.6666666666666666,1,0,0,0,0,1,0,1,0,1,0,1,1,0,1,0,0,1,0,0,1,ID12180
80,50,22052.1,3,-0.4245521414465118,0.6530612244897959,0.293170938275229,1.0,1,0,0,0,0,1,1,0,1,0,0,1,0,1,1,0,0,1,0,1,0,ID12181
81,30,27808.1,3,0.022040118105820017,0.24489795918367346,0.39221441846627486,1.0,0,1,1,0,0,0,1,0,1,0,1,0,0,1,1,0,1,0,1,0,0,ID12182
82,29,12591.4,1,-1.1585819173232919,0.22448979591836735,0.13038069278470998,0.3333333333333333,1,0,1,0,0,0,0,1,1,0,0,1,0,1,1,0,1,0,1,0,0,ID12183
83,35,16394.4,1,-0.863517573494675,0.3469387755102041,0.1958189059825119,0.3333333333333333,0,1,1,0,0,0,0,1,1,0,0,1,0,1,1,0,0,1,0,1,0,ID12184
84,62,24026.1,0,-0.27139489329566,0.8979591836734694,0.32713755222538965,0.0,0,1,1,0,0,0,0,1,1,0,1,0,0,1,0,1,0,1,0,0,1,ID12185
85,36,31683.1,1,0.32269074454176266,0.3673469387755102,0.4588915355163622,0.3333333333333333,0,1,1,0,0,0,0,1,0,1,0,1,0,1,1,0,0,1,0,1,0,ID12186
86,25,15525.0,0,-0.9309719359781353,0.14285714285714285,0.1808591419661645,0.0,1,0,1,0,0,0,0,1,1,0,0,1,0,1,1,0,1,0,1,0,0,ID12187
87,66,22562.2,0,-0.38497488091877635,0.9795918367346939,0.30194822792871284,0.0,1,0,0,0,0,1,1,0,0,1,0,1,0,1,0,1,1,0,0,0,1,ID12188
88,30,15848.7,0,-0.9058569404226992,0.24489795918367346,0.18642904720206474,0.0,0,1,0,0,1,0,0,1,0,1,0,1,1,0,0,1,1,0,1,0,0,ID12189
89,54,31095.6,2,0.277108230211152,0.7346938775510204,0.4487824242216715,0.6666666666666666,1,0,1,0,0,0,0,1,1,0,1,0,0,1,1,0,0,1,0,1,0,ID12190
90,37,24814.5,1,-0.21022509874544126,0.3877551020408163,0.3407035494079158,0.3333333333333333,0,1,0,0,0,1,0,1,0,1,1,0,0,1,0,1,0,1,0,1,0,ID12191
91,28,25429.3,2,-0.16252445225955292,0.20408163265306123,0.3512824117465981,0.6666666666666666,1,0,1,0,0,0,1,0,1,0,0,1,0,1,0,1,1,0,1,0,0,ID12192
92,53,34866.5,0,0.5696820230440027,0.7142857142857143,0.5136682927853294,0.0,1,0,0,1,0,0,1,0,1,0,1,0,0,1,1,0,0,1,0,1,0,ID12193
93,61,42579.1,2,1.1680815124504158,0.8775510204081632,0.6463789851622336,0.6666666666666666,0,1,1,0,0,0,0,1,0,1,0,1,0,1,1,0,1,0,0,0,1,ID12194
94,61,41127.4,0,1.0554480893802076,0.8775510204081632,0.6213995862405274,0.0,1,0,1,0,0,0,0,1,0,1,0,1,1,0,1,0,1,0,0,0,1,ID12195
95,18,9990.11,0,-1.3604088768178861,0.0,0.0856203010914915,0.0,1,0,1,0,0,0,0,1,1,0,0,1,0,1,1,0,1,0,0,0,0,ID12196
96,22,7948.62,1,-1.5188024890405218,0.08163265306122448,0.050492386849792716,0.3333333333333333,0,1,1,0,0,0,0,1,1,0,1,0,1,0,0,1,1,0,1,0,0,ID12197
97,34,30870.8,2,0.25966661451494566,0.32653061224489793,0.44491429108286906,0.6666666666666666,0,1,0,0,0,1,0,1,0,1,0,1,0,1,0,1,0,1,0,1,0,ID12198
98,35,12125.8,2,-1.194706544850666,0.3469387755102041,0.12236911453993046,0.6666666666666666,1,0,1,0,0,0,1,0,1,0,0,1,0,1,1,0,1,0,0,1,0,ID12199
99,18,15348.9,0,-0.9446350521885533,0.0,0.17782898962744956,0.0,1,0,0,1,0,0,0,1,0,1,1,0,0,1,1,0,1,0,0,0,0,ID12200
100,54,26707.9,1,-0.06332138362445695,0.7346938775510204,0.37328327932343464,0.3333333333333333,0,1,1,0,0,0,0,1,1,0,0,1,0,1,0,1,0,1,0,1,0,ID12201
101,27,11604.4,2,-1.2351605413987177,0.1836734693877551,0.11339738580962969,0.6666666666666666,1,0,1,0,0,0,0,1,0,1,0,1,0,1,1,0,1,0,1,0,0,ID12202
102,42,15499.9,0,-0.9329193761648559,0.4897959183673469,0.1804272463176594,0.0,0,1,1,0,0,0,0,1,0,1,1,0,0,1,0,1,0,1,0,1,0,ID12203
103,43,33088.5,0,0.431731877546427,0.5102040816326531,0.48307425043305713,0.0,0,1,0,0,0,1,1,0,1,0,0,1,0,1,0,1,1,0,0,1,0,ID12204
104,64,34513.6,1,0.5423014795422623,0.9387755102040817,0.5075959432093357,0.3333333333333333,1,0,1,0,0,0,0,1,1,0,0,1,0,1,1,0,0,1,0,0,1,ID12205
105,43,32395.5,3,0.3779639074509152,0.5102040816326531,0.4711498008548093,1.0,0,1,0,0,0,1,0,1,0,1,0,1,0,1,1,0,1,0,0,1,0,ID12206
106,49,46633.0,0,1.4826124994203949,0.6326530612244898,0.7161344341452914,0.0,0,1,0,1,0,0,0,1,0,1,0,1,1,0,1,0,1,0,0,1,0,ID12207
107,23,13039.9,0,-1.1237840319151575,0.10204081632653061,0.13809803136457172,0.0,0,1,1,0,0,0,0,1,1,0,1,0,0,1,1,0,1,0,1,0,0,ID12208
108,23,12681.9,0,-1.1515602704349168,0.10204081632653061,0.13193792609904106,0.0,0,1,1,0,0,0,1,0,1,0,0,1,0,1,1,0,0,1,1,0,0,ID12209
109,30,24031.5,2,-0.27097592210011046,0.24489795918367346,0.3272304700143111,0.6666666666666666,1,0,1,0,0,0,0,1,0,1,0,1,0,1,0,1,1,0,1,0,0,ID12210
110,36,37330.5,2,0.7608570278280448,0.3673469387755102,0.5560663357302108,0.6666666666666666,0,1,0,0,0,1,1,0,1,0,0,1,0,1,1,0,0,1,0,1,0,ID12211
111,34,25333.2,3,-0.1699805877951642,0.32653061224489793,0.34962881924375594,1.0,0,1,1,0,0,0,0,1,0,1,1,0,1,0,0,1,1,0,0,1,0,ID12212
112,51,37094.2,0,0.7425231586598346,0.673469387755102,0.5520003221150016,0.0,1,0,1,0,0,0,0,1,0,1,1,0,0,1,1,0,1,0,0,1,0,ID12213
113,36,33630.6,2,0.47379193034408484,0.3673469387755102,0.49240216402089,0.6666666666666666,0,1,0,0,0,1,1,0,0,1,0,1,0,1,1,0,0,1,0,1,0,ID12214
114,56,43228.2,1,1.2184434019006274,0.7755102040816326,0.6575480475305463,0.3333333333333333,0,1,1,0,0,0,0,1,0,1,0,1,0,1,1,0,0,1,0,0,1,ID12215
115,54,47796.8,0,1.5729085507871434,0.7346938775510204,0.7361599383576506,0.0,1,0,1,0,0,0,0,1,1,0,0,1,0,1,1,0,1,0,0,1,0,ID12216
116,56,21730.3,2,-0.44951972121092115,0.7755102040816326,0.28763372633543083,0.6666666666666666,1,0,0,0,0,1,0,1,1,0,0,1,1,0,1,0,1,0,0,0,1,ID12217
117,26,10044.1,3,-1.3562199407349762,0.16326530612244897,0.08654930691072614,1.0,0,1,1,0,0,0,0,1,1,0,0,1,0,1,0,1,1,0,1,0,0,ID12218
118,39,17270.1,0,-0.7955744112830738,0.42857142857142855,0.21088707408593416,0.0,0,1,0,0,0,1,1,0,0,1,1,0,1,0,1,0,0,1,0,1,0,ID12219
119,64,45765.0,3,1.4152667590987438,0.9387755102040817,0.7011987599260718,1.0,1,0,0,1,0,0,0,1,0,1,0,1,0,1,1,0,0,1,0,0,1,ID12220
120,46,29525.5,2,0.15528847574222993,0.5714285714285714,0.4217657167428736,0.6666666666666666,0,1,0,1,0,0,1,0,1,0,0,1,1,0,0,1,1,0,0,1,0,ID12221
121,62,54863.8,1,2.121217706147868,0.8979591836734694,0.8577617928590615,0.3333333333333333,1,0,0,1,0,0,0,1,0,1,0,1,0,1,1,0,0,1,0,0,1,ID12222
122,36,20799.0,1,-0.521776734991513,0.3673469387755102,0.2716088491460769,0.3333333333333333,1,0,0,0,0,1,0,1,1,0,0,1,1,0,0,1,0,1,0,1,0,ID12223
123,35,33028.3,1,0.42706112458863527,0.3469387755102041,0.48203838915656294,0.3333333333333333,1,0,0,1,0,0,1,0,1,0,0,1,0,1,1,0,0,1,0,1,0,ID12224
124,47,45031.9,3,1.3583875399399852,0.5918367346938775,0.6885843097300928,1.0,0,1,0,1,0,0,1,0,0,1,0,1,1,0,1,0,0,1,0,1,0,ID12225
125,47,39010.8,2,0.8912268981765132,0.5918367346938775,0.5849792543829235,0.6666666666666666,0,1,1,0,0,0,0,1,1,0,1,0,0,1,1,0,0,1,0,1,0,ID12226
126,37,25257.7,0,-0.1758384258070129,0.3877551020408163,0.348329690898651,0.0,1,0,0,0,0,1,0,1,0,1,0,1,0,1,1,0,1,0,0,1,0,ID12227
127,48,42603.9,0,1.170005676459606,0.6122448979591837,0.6468057187113542,0.0,1,0,1,0,0,0,0,1,1,0,0,1,0,1,1,0,1,0,0,1,0,ID12228
128,41,14092.7,3,-1.0421001662347031,0.46938775510204084,0.15621355880465743,1.0,0,1,0,0,0,1,0,1,0,1,0,1,0,1,1,0,1,0,0,1,0,ID12229
129,27,21350.3,0,-0.4790028794162523,0.1836734693877551,0.2810950671150352,0.0,1,0,0,1,0,0,1,0,0,1,0,1,0,1,1,0,0,1,1,0,0,ID12230
130,43,23246.4,2,-0.3318896786974932,0.5102040816326531,0.3137212559250147,0.6666666666666666,0,1,1,0,0,0,1,0,1,0,1,0,0,1,1,0,1,0,0,1,0,ID12231
131,61,41609.5,3,1.0928529066717605,0.8775510204081632,0.6296950799514557,1.0,0,1,0,1,0,0,0,1,1,0,0,1,0,1,0,1,1,0,0,0,1,ID12232
132,52,16716.1,2,-0.8385577524561093,0.6938775510204082,0.20135439722251522,0.6666666666666666,1,0,0,0,1,0,1,0,0,1,0,1,0,1,1,0,1,0,0,1,0,ID12233
133,64,36436.4,0,0.691486260061238,0.9387755102040817,0.5406815588645378,0.0,1,0,0,0,1,0,0,1,0,1,1,0,0,1,1,0,1,0,0,0,1,ID12234
134,66,59503.8,2,2.4812225852866483,0.9795918367346939,0.9376022633396822,0.6666666666666666,1,0,0,0,0,1,0,1,0,1,0,1,0,1,0,1,0,1,0,0,1,ID12235
135,53,31334.8,1,0.29566710242882366,0.7142857142857143,0.45289833813093117,0.3333333333333333,1,0,0,0,0,1,0,1,0,1,0,1,0,1,1,0,0,1,0,1,0,ID12236
136,20,14048.9,2,-1.0454984881541598,0.04081632653061224,0.155459892294517,0.6666666666666666,1,0,1,0,0,0,0,1,0,1,1,0,0,1,0,1,1,0,1,0,0,ID12237
137,57,39205.3,0,0.9063176199421367,0.7959183673469388,0.5883260154838893,0.0,1,0,1,0,0,0,1,0,1,0,0,1,0,1,1,0,0,1,0,0,1,ID12238
138,65,42173.9,0,1.136643155332521,0.9591836734693877,0.6394067095935381,0.0,1,0,0,1,0,0,0,1,1,0,0,1,0,1,1,0,1,0,0,0,1,ID12239
139,64,55263.0,1,2.152190539715152,0.9387755102040817,0.8646308264400666,0.3333333333333333,1,0,1,0,0,0,1,0,1,0,0,1,0,1,1,0,0,1,0,0,1,ID12240
140,52,37095.2,3,0.7426007459182697,0.6938775510204082,0.55201752911295,1.0,0,1,1,0,0,0,0,1,1,0,0,1,0,1,1,0,1,0,0,1,0,ID12241
141,47,22791.4,0,-0.3671918812854555,0.5918367346938775,0.3058920718584883,0.0,1,0,1,0,0,0,0,1,1,0,1,0,0,1,1,0,1,0,0,1,0,ID12242
142,28,17240.6,1,-0.7978632354069087,0.20408163265306123,0.21037946764645607,0.3333333333333333,1,0,0,0,0,1,0,1,0,1,1,0,1,0,0,1,1,0,1,0,0,ID12243
143,64,48974.8,0,1.66430634122367,0.9387755102040817,0.7564297819408772,0.0,0,1,0,0,0,1,0,1,0,1,0,1,0,1,0,1,1,0,0,0,1,ID12244
144,25,18923.0,1,-0.6673304318157267,0.14285714285714285,0.23932852099486046,0.3333333333333333,0,1,1,0,0,0,0,1,1,0,0,1,0,1,1,0,0,1,1,0,0,ID12245
145,58,51204.2,0,1.8372793751788414,0.8163265306122449,0.7947910631670615,0.0,0,1,0,0,1,0,0,1,1,0,0,1,1,0,0,1,0,1,0,0,1,ID12246
146,34,20236.2,2,-0.565442844038777,0.32653061224489793,0.26192475070071203,0.6666666666666666,0,1,0,0,0,1,0,1,0,1,1,0,0,1,1,0,1,0,0,1,0,ID12247
147,20,18860.3,2,-0.6721951529196064,0.04081632653061224,0.23824964222349515,0.6666666666666666,1,0,1,0,0,0,1,0,1,0,0,1,0,1,1,0,1,0,1,0,0,ID12248
148,63,25732.5,0,-0.138999995502036,0.9183673469387755,0.35649957352455586,0.0,0,1,0,1,0,0,0,1,0,1,0,1,1,0,1,0,1,0,0,0,1,ID12249
149,30,28240.4,3,0.05558108992730618,0.24489795918367346,0.3996530036793724,1.0,1,0,0,0,1,0,0,1,0,1,0,1,0,1,1,0,1,0,1,0,0,ID12250
150,53,28193.6,1,0.051950006232544116,0.7142857142857143,0.3988477161753868,0.3333333333333333,0,1,0,1,0,0,0,1,0,1,0,1,0,1,1,0,0,1,0,1,0,ID12251
151,43,36432.8,2,0.6912069459308718,0.5102040816326531,0.5406196136719236,0.6666666666666666,0,1,0,0,0,1,1,0,0,1,1,0,0,1,1,0,0,1,0,1,0,ID12252
152,63,54618.8,2,2.1022088278312725,0.9183673469387755,0.8535460783617012,0.6666666666666666,0,1,0,0,0,1,0,1,1,0,0,1,1,0,0,1,0,1,0,0,1,ID12253
153,33,24760.8,1,-0.21439153452340523,0.30612244897959184,0.3397795336180862,0.3333333333333333,0,1,1,0,0,0,0,1,1,0,0,1,0,1,0,1,0,1,0,1,0,ID12254
154,41,23356.1,2,-0.32337835644716495,0.46938775510204084,0.31560886359995516,0.6666666666666666,0,1,0,1,0,0,1,0,0,1,1,0,1,0,1,0,1,0,0,1,0,ID12255
155,20,8143.75,2,-1.503662887302084,0.04081632653061224,0.05384998835946589,0.6666666666666666,1,0,0,0,1,0,0,1,1,0,0,1,0,1,1,0,0,1,1,0,0,ID12256
156,50,26462.5,0,-0.08236129684442618,0.6530612244897959,0.3690606820268949,0.0,0,1,0,0,0,1,0,1,0,1,0,1,0,1,1,0,1,0,0,1,0,ID12257
157,24,20467.3,2,-0.5475124286144297,0.12244897959183673,0.26590128792658946,0.6666666666666666,0,1,0,1,0,0,0,1,0,1,0,1,0,1,1,0,1,0,1,0,0,ID12258
158,60,21506.2,0,-0.4669070258262229,0.8571428571428571,0.28377763809519224,0.0,1,0,0,0,0,1,0,1,1,0,1,0,0,1,1,0,0,1,0,0,1,ID12259
159,44,15315.3,1,-0.947241984071972,0.5306122448979592,0.17725083449638301,0.3333333333333333,1,0,0,0,0,1,0,1,1,0,0,1,0,1,1,0,0,1,0,1,0,ID12260
160,23,18875.7,2,-0.6710003091397061,0.10204081632653061,0.2385146299919007,0.6666666666666666,0,1,1,0,0,0,0,1,0,1,0,1,0,1,1,0,1,0,1,0,0,ID12261
161,40,12977.2,0,-1.128648753019037,0.4489795918367347,0.13701915259320646,0.0,1,0,1,0,0,0,0,1,1,0,1,0,1,0,1,0,1,0,0,1,0,ID12262
162,49,20708.5,3,-0.5287983818798879,0.6326530612244898,0.27005161583174586,1.0,1,0,0,0,0,1,1,0,1,0,1,0,0,1,1,0,1,0,0,1,0,ID12263
163,21,7549.38,1,-1.5497784260981438,0.061224489795918366,0.04362266498886966,0.3333333333333333,1,0,0,0,0,1,1,0,0,1,1,0,0,1,1,0,1,0,1,0,0,ID12264
164,40,24904.0,0,-0.20328103911550144,0.4489795918367347,0.3422435757242985,0.0,1,0,1,0,0,0,0,1,1,0,1,0,1,0,1,0,1,0,0,1,0,ID12265
165,26,24071.8,1,-0.2678491555851767,0.16326530612244897,0.32792391203163196,0.3333333333333333,0,1,0,1,0,0,0,1,1,0,1,0,0,1,0,1,0,1,1,0,0,ID12266
166,20,9589.91,1,-1.391459297643606,0.04081632653061224,0.07873406051253797,0.3333333333333333,0,1,0,0,0,1,1,0,1,0,0,1,0,1,0,1,1,0,1,0,0,ID12267
167,24,8562.86,1,-1.4711452914193568,0.12244897959183673,0.06106161326962386,0.3333333333333333,0,1,1,0,0,0,1,0,1,0,1,0,1,0,0,1,1,0,1,0,0,ID12268
168,37,26707.5,0,-0.06335241852783109,0.3877551020408163,0.37327639652425526,0.0,1,0,0,0,0,1,1,0,0,1,0,1,0,1,1,0,1,0,0,1,0,ID12269
169,56,34020.5,0,0.5040432024079234,0.7755102040816326,0.4991111725209749,0.0,0,1,1,0,0,0,0,1,1,0,1,0,0,1,1,0,1,0,0,0,1,ID12270
170,52,49175.7,0,1.6798936214432776,0.6938775510204082,0.7598866678287126,0.0,0,1,1,0,0,0,0,1,0,1,0,1,0,1,1,0,1,0,0,1,0,ID12271
171,22,19726.3,2,-0.6050045871148254,0.08163265306122448,0.2531509024468179,0.6666666666666666,0,1,1,0,0,0,0,1,1,0,1,0,0,1,1,0,1,0,1,0,0,ID12272
172,35,24346.6,3,-0.24652817696721624,0.3469387755102041,0.33265239506785493,1.0,0,1,1,0,0,0,0,1,0,1,0,1,0,1,1,0,1,0,0,1,0,ID12273
173,34,26999.4,1,-0.04070469779063055,0.32653061224489793,0.37829911922539605,0.3333333333333333,0,1,0,1,0,0,0,1,0,1,0,1,0,1,1,0,0,1,0,1,0,ID12274
174,67,41558.1,2,1.0888649215881971,1.0,0.6288106402569074,0.6666666666666666,1,0,0,0,0,1,0,1,1,0,0,1,0,1,1,0,0,1,0,0,1,ID12275
175,58,56340.3,0,2.2357752932272663,0.8163265306122449,0.8831679253298883,0.0,1,0,1,0,0,0,1,0,1,0,0,1,0,1,1,0,0,1,0,0,1,ID12276
176,40,37558.5,0,0.7785469227512435,0.4489795918367347,0.5599895312624482,0.0,0,1,0,0,0,1,0,1,0,1,0,1,0,1,1,0,1,0,0,1,0,ID12277
177,41,30099.3,0,0.19980804463227989,0.46938775510204084,0.43163909216567103,0.0,1,0,1,0,0,0,0,1,0,1,0,1,0,1,0,1,0,1,0,1,0,ID12278
178,43,15254.8,0,-0.9519360132072945,0.5102040816326531,0.1762098111205042,0.0,0,1,1,0,0,0,0,1,1,0,1,0,1,0,1,0,0,1,0,1,0,ID12279
179,63,36086.1,2,0.6643074434314287,0.9183673469387755,0.5346539474832098,0.6666666666666666,0,1,1,0,0,0,0,1,1,0,1,0,0,1,1,0,0,1,0,0,1,ID12280
180,22,17655.0,1,-0.7657110755114107,0.08163265306122448,0.21751004759627704,0.3333333333333333,1,0,1,0,0,0,0,1,1,0,0,1,0,1,0,1,0,1,1,0,0,ID12281
181,60,56658.9,0,2.260494593764683,0.8571428571428571,0.8886500748762516,0.0,0,1,0,1,0,0,1,0,1,0,0,1,0,1,1,0,0,1,0,0,1,ID12282
182,65,37706.5,0,0.7900298369996356,0.9591836734693877,0.5625361669588128,0.0,1,0,1,0,0,0,1,0,0,1,0,1,0,1,0,1,1,0,0,0,1,ID12283
183,48,18516.0,2,-0.6989084459988051,0.6122448979591837,0.23232527282985774,0.6666666666666666,1,0,1,0,0,0,0,1,0,1,0,1,0,1,0,1,1,0,0,1,0,ID12284
184,38,29622.0,0,0.16277564618121532,0.40816326530612246,0.4234261920448951,0.0,1,0,1,0,0,0,1,0,0,1,0,1,1,0,0,1,1,0,0,1,0,ID12285
185,49,32669.9,1,0.39925385116550177,0.6326530612244898,0.4758714010918529,0.3333333333333333,0,1,0,1,0,0,0,1,0,1,0,1,0,1,0,1,0,1,0,1,0,ID12286
186,20,18275.5,0,-0.7175681816524423,0.04081632653061224,0.2281869898232652,0.0,1,0,1,0,0,0,0,1,1,0,1,0,1,0,0,1,0,1,1,0,0,ID12287
187,48,34410.0,1,0.5342634395683878,0.6122448979591837,0.5058132982218805,0.3333333333333333,1,0,0,0,0,1,0,1,1,0,1,0,0,1,1,0,0,1,0,1,0,ID12288
188,38,34866.9,2,0.5697130579473769,0.40816326530612246,0.5136751755845088,0.6666666666666666,0,1,1,0,0,0,0,1,0,1,1,0,0,1,0,1,1,0,0,1,0,ID12289
189,41,21796.6,0,-0.44437568597667526,0.46938775510204084,0.28877455029941035,0.0,1,0,1,0,0,0,0,1,1,0,1,0,0,1,1,0,1,0,0,1,0,ID12290
190,67,63130.1,2,2.7625772605497856,1.0,1.0,0.6666666666666666,1,0,0,0,1,0,0,1,0,1,0,1,0,1,1,0,0,1,0,0,1,ID12291
191,39,14996.4,1,-0.9719845607869196,0.42857142857142855,0.17176352285063515,0.3333333333333333,0,1,1,0,0,0,0,1,0,1,0,1,1,0,1,0,1,0,0,1,0,ID12292
192,64,49024.9,3,1.6681934628712676,0.9387755102040817,0.7572918525380925,1.0,1,0,0,1,0,0,0,1,1,0,0,1,0,1,1,0,0,1,0,0,1,ID12293
193,41,16249.8,0,-0.8747366910643879,0.46938775510204084,0.19333077407917182,0.0,0,1,1,0,0,0,0,1,0,1,1,0,0,1,0,1,0,1,0,1,0,ID12294
194,55,36192.1,2,0.6725316928255473,0.7551020408163265,0.5364778892657412,0.6666666666666666,0,1,0,0,1,0,0,1,0,1,1,0,0,1,1,0,0,1,0,1,0,ID12295
195,52,17839.9,1,-0.751365191426764,0.6938775510204082,0.220691621516938,0.3333333333333333,0,1,1,0,0,0,0,1,1,0,0,1,1,0,0,1,0,1,0,1,0,ID12296
196,30,18802.4,0,-0.6766874551829976,0.24489795918367346,0.2372533570422823,0.0,1,0,1,0,0,0,1,0,1,0,1,0,0,1,0,1,0,1,1,0,0,ID12297
197,52,48720.3,2,1.6445603839519416,0.6938775510204082,0.7520506009630069,0.6666666666666666,0,1,1,0,0,0,0,1,0,1,0,1,0,1,1,0,0,1,0,1,0,ID12298
198,26,14585.9,2,-1.0038341303745208,0.16326530612244897,0.164700050192813,0.6666666666666666,0,1,1,0,0,0,1,0,1,0,1,0,0,1,0,1,1,0,1,0,0,ID12299
199,26,20819.0,0,-0.5202249898228113,0.16326530612244897,0.2719529891050451,0.0,1,0,1,0,0,0,0,1,1,0,0,1,0,1,1,0,0,1,1,0,0,ID12300
200,46,26077.8,1,-0.11220911516440227,0.5714285714285714,0.3624411499161417,0.3333333333333333,0,1,0,0,0,1,0,1,0,1,0,1,0,1,1,0,0,1,0,1,0,ID12301
201,46,41627.1,0,1.094218442420218,0.5714285714285714,0.6299979231153476,0.0,1,0,0,0,0,1,0,1,1,0,0,1,0,1,0,1,1,0,0,1,0,ID12302
202,52,16977.3,0,-0.8182919605528658,0.6938775510204082,0.20584886508663983,0.0,0,1,1,0,0,0,0,1,1,0,1,0,0,1,1,0,1,0,0,1,0,ID12303
203,37,19012.8,3,-0.6603630960082565,0.3877551020408163,0.24087370941062763,1.0,0,1,1,0,0,0,1,0,0,1,1,0,0,1,1,0,1,0,0,1,0,ID12304
204,22,12764.8,1,-1.1451282867106487,0.08163265306122448,0.1333643862289642,0.3333333333333333,0,1,1,0,0,0,0,1,1,0,0,1,0,1,0,1,0,1,1,0,0,ID12305
205,18,14388.6,0,-1.0191420964637625,0.0,0.16130510949759178,0.0,0,1,1,0,0,0,1,0,0,1,1,0,0,1,0,1,0,1,0,0,0,ID12306
206,63,59409.1,0,2.4738750719128455,0.9183673469387755,0.9359727606339677,0.0,0,1,1,0,0,0,1,0,0,1,0,1,0,1,1,0,0,1,0,0,1,ID12307
207,25,14960.2,0,-0.9747932195422695,0.14285714285714285,0.17114062952490278,0.0,1,0,1,0,0,0,0,1,1,0,0,1,0,1,0,1,1,0,1,0,0,ID12308
208,67,39666.6,0,0.9421086222582397,1.0,0.5962636036374905,0.0,0,1,1,0,0,0,0,1,0,1,0,1,0,1,1,0,1,0,0,0,1,ID12309
209,27,20771.9,0,-0.5238793496951035,0.1836734693877551,0.27114253950167505,0.0,0,1,1,0,0,0,1,0,1,0,0,1,1,0,1,0,0,1,1,0,0,ID12310
210,61,24474.1,0,-0.2366358015167433,0.8775510204081632,0.33484628730627713,0.0,0,1,1,0,0,0,1,0,0,1,1,0,1,0,1,0,0,1,0,0,1,ID12311
211,58,33123.7,1,0.43446294904334165,0.8163265306122449,0.4836799367608411,0.3333333333333333,0,1,0,0,0,1,0,1,0,1,0,1,0,1,1,0,0,1,0,0,1,ID12312
212,22,14433.4,0,-1.0156661872858708,0.08163265306122448,0.16207598300568052,0.0,0,1,1,0,0,0,0,1,0,1,0,1,0,1,1,0,0,1,1,0,0,ID12313
213,28,13175.5,1,-1.1132631996713604,0.20408163265306123,0.14043130028637607,0.3333333333333333,0,1,0,0,0,1,1,0,1,0,1,0,0,1,1,0,0,1,1,0,0,ID12314
214,23,9824.37,0,-1.3732681890309164,0.10204081632653061,0.08276841325152211,0.0,0,1,1,0,0,0,0,1,1,0,0,1,0,1,1,0,1,0,1,0,0,ID12315
215,27,17610.3,0,-0.7691792259634589,0.1836734693877551,0.2167408947879831,0.0,0,1,0,0,1,0,0,1,1,0,0,1,0,1,1,0,1,0,1,0,0,ID12316
216,27,15156.2,0,-0.9595861168889934,0.1836734693877551,0.17451320112279106,0.0,1,0,0,0,1,0,0,1,0,1,1,0,0,1,1,0,1,0,1,0,0,ID12317
217,40,31774.1,3,0.32975118505935513,0.4489795918367347,0.4604573723296675,1.0,1,0,1,0,0,0,0,1,0,1,0,1,0,1,0,1,1,0,0,1,0,ID12318
218,39,31693.5,0,0.32349765202948766,0.42857142857142855,0.4590704882950257,0.0,0,1,0,0,0,1,1,0,0,1,0,1,1,0,1,0,0,1,0,1,0,ID12319
219,35,28598.7,0,0.083380604624596,0.3469387755102041,0.4058182710442876,0.0,1,0,1,0,0,0,0,1,0,1,0,1,0,1,1,0,1,0,0,1,0,ID12320
220,37,26261.7,2,-0.09794081833819059,0.3877551020408163,0.3656055168388543,0.6666666666666666,1,0,1,0,0,0,1,0,0,1,1,0,1,0,1,0,1,0,0,1,0,ID12321
221,47,42124.1,2,1.1327793098624537,0.5918367346938775,0.6385498010957072,0.6666666666666666,0,1,1,0,0,0,0,1,1,0,0,1,0,1,1,0,0,1,0,1,0,ID12322
222,42,39308.7,1,0.9143401424643237,0.4897959183673469,0.5901052190717547,0.3333333333333333,1,0,1,0,0,0,0,1,1,0,0,1,0,1,1,0,0,1,0,1,0,ID12323
223,67,43530.0,0,1.2418592364963355,1.0,0.6627411195113764,0.0,1,0,1,0,0,0,0,1,1,0,0,1,0,1,0,1,1,0,0,0,1,ID12324
224,57,49874.4,3,1.7341038389118697,0.7959183673469388,0.7719091972952664,1.0,0,1,0,1,0,0,0,1,1,0,0,1,0,1,1,0,0,1,0,0,1,ID12325
225,47,27434.8,0,-0.006923205467996029,0.5918367346938775,0.38579104613213355,0.0,1,0,0,1,0,0,1,0,0,1,0,1,0,1,1,0,0,1,0,1,0,ID12326
226,67,50474.6,2,1.7806717114246056,1.0,0.7822368374639018,0.6666666666666666,0,1,1,0,0,0,0,1,0,1,0,1,0,1,1,0,0,1,0,0,1,ID12327
227,56,24888.2,0,-0.20450691779877567,0.7755102040816326,0.3419717051567136,0.0,0,1,0,0,0,1,1,0,1,0,0,1,0,1,1,0,0,1,0,0,1,ID12328
228,37,28021.6,0,0.03860499778171002,0.3877551020408163,0.39588811252826034,0.0,0,1,0,1,0,0,1,0,0,1,1,0,0,1,0,1,0,1,0,1,0,ID12329
229,27,12279.5,0,-1.1827813832291938,0.1836734693877551,0.12501383012460104,0.0,0,1,1,0,0,0,1,0,0,1,1,0,1,0,1,0,0,1,1,0,0,ID12330
230,59,30189.4,0,0.20679865661728095,0.8367346938775511,0.43318944268082277,0.0,1,0,1,0,0,0,0,1,0,1,1,0,0,1,0,1,0,1,0,0,1,ID12331
231,31,28969.4,1,0.11214220132648094,0.2653061224489796,0.41219690518376306,0.3333333333333333,0,1,1,0,0,0,1,0,1,0,1,0,0,1,0,1,1,0,0,1,0,ID12332
232,31,14058.5,0,-1.044753650473183,0.2653061224489796,0.1556250794748218,0.0,0,1,0,0,1,0,0,1,1,0,1,0,0,1,0,1,0,1,0,1,0,ID12333
233,32,30404.3,0,0.2234721584549799,0.2857142857142857,0.436887226539936,0.0,1,0,0,0,0,1,0,1,0,1,0,1,0,1,1,0,1,0,0,1,0,ID12334
234,57,41438.2,3,1.0795622093018307,0.7959183673469388,0.626747521202893,1.0,1,0,0,1,0,0,1,0,1,0,0,1,1,0,1,0,1,0,0,0,1,ID12335
235,49,16711.3,1,-0.8389301712965976,0.6326530612244898,0.20127180363236286,0.3333333333333333,1,0,1,0,0,0,1,0,1,0,0,1,0,1,0,1,0,1,0,1,0,ID12336
236,65,52255.9,2,1.9188778948750174,0.9591836734693877,0.812887662909404,0.6666666666666666,0,1,0,0,0,1,1,0,0,1,0,1,0,1,1,0,0,1,0,0,1,ID12337
237,22,17866.9,2,-0.7492703354490167,0.08163265306122448,0.22115621046154507,0.6666666666666666,1,0,1,0,0,0,0,1,1,0,0,1,0,1,0,1,1,0,1,0,0,ID12338
238,26,18067.5,2,-0.7337063314069394,0.16326530612244897,0.224607934249996,0.6666666666666666,1,0,0,1,0,0,0,1,1,0,0,1,1,0,1,0,1,0,1,0,0,ID12339
239,23,12823.7,0,-1.1405583971888222,0.10204081632653061,0.13437787840812557,0.0,0,1,1,0,0,0,0,1,0,1,0,1,0,1,1,0,1,0,1,0,0,ID12340
240,26,11299.3,2,-1.2588324139472613,0.16326530612244897,0.1081475307355699,0.6666666666666666,1,0,0,1,0,0,0,1,0,1,1,0,1,0,1,0,1,0,1,0,0,ID12341
241,59,56031.1,0,2.2117853129191385,0.8367346938775511,0.87784752156424,0.0,1,0,1,0,0,0,1,0,0,1,0,1,0,1,1,0,0,1,0,0,1,ID12342
242,67,35263.5,1,0.6004841646427302,1.0,0.5204994709708481,0.3333333333333333,0,1,1,0,0,0,0,1,0,1,0,1,0,1,1,0,0,1,0,0,1,ID12343
243,34,19968.1,0,-0.5862439880252227,0.32653061224489793,0.25731155455074334,0.0,1,0,1,0,0,0,0,1,0,1,0,1,0,1,1,0,1,0,0,1,0,ID12344
244,50,27825.5,2,0.023390136402590557,0.6530612244897959,0.39251382023057724,0.6666666666666666,0,1,0,1,0,0,0,1,0,1,0,1,1,0,1,0,1,0,0,1,0,ID12345
245,46,37773.9,0,0.7952592182181603,0.5714285714285714,0.5636959186205357,0.0,0,1,0,0,1,0,1,0,0,1,0,1,0,1,0,1,1,0,0,1,0,ID12346
246,23,7606.25,3,-1.5453660387109407,0.10204081632653061,0.044601226962195706,1.0,1,0,1,0,0,0,1,0,0,1,1,0,1,0,1,0,1,0,1,0,0,ID12347
247,26,21384.4,0,-0.4763571539036158,0.16326530612244897,0.28168182574507594,0.0,0,1,0,1,0,0,0,1,1,0,1,0,0,1,1,0,1,0,1,0,0,ID12348
248,40,20347.0,3,-0.55684617580417,0.4489795918367347,0.2638312860733958,1.0,0,1,0,0,0,1,0,1,1,0,0,1,0,1,1,0,1,0,0,1,0,ID12349
249,36,21332.3,3,-0.48039945006808377,0.3673469387755102,0.2807853411519638,1.0,0,1,0,0,0,1,0,1,0,1,1,0,0,1,1,0,1,0,0,1,0,ID12350
250,65,57671.7,0,2.339074969107734,0.9591836734693877,0.9060773223984008,0.0,0,1,1,0,0,0,1,0,1,0,0,1,0,1,0,1,1,0,0,0,1,ID12351
251,45,36057.8,1,0.6621117240177161,0.5510204081632653,0.53416698944127,0.3333333333333333,1,0,0,0,0,1,0,1,0,1,0,1,0,1,0,1,0,1,0,1,0,ID12352
252,23,14290.5,2,-1.026753406516244,0.10204081632653061,0.15961710299885282,0.6666666666666666,0,1,1,0,0,0,0,1,1,0,1,0,0,1,0,1,1,0,1,0,0,ID12353
253,42,17882.9,1,-0.7480289393140553,0.4897959183673469,0.22143152242871963,0.3333333333333333,1,0,0,0,0,1,0,1,1,0,1,0,1,0,1,0,0,1,0,1,0,ID12354
254,21,10629.1,3,-1.3108313945504533,0.061224489795918366,0.09661540071054578,1.0,1,0,0,1,0,0,1,0,1,0,0,1,0,1,0,1,1,0,1,0,0,ID12355
255,62,24262.8,0,-0.25302998922407605,0.8979591836734694,0.3312104486397782,0.0,1,0,1,0,0,0,1,0,0,1,1,0,0,1,1,0,0,1,0,0,1,ID12356
256,49,26097.9,2,-0.11064961126985695,0.6326530612244898,0.36278701057490476,0.6666666666666666,1,0,0,0,1,0,1,0,1,0,0,1,0,1,1,0,1,0,0,1,0,ID12357
257,28,23371.0,2,-0.32222230629648213,0.20408163265306123,0.3158652478693865,0.6666666666666666,1,0,0,0,0,1,0,1,1,0,1,0,0,1,0,1,1,0,1,0,0,ID12358
258,38,21495.6,3,-0.46772945076563494,0.40816326530612246,0.2835952439169391,1.0,1,0,0,0,0,1,1,0,1,0,1,0,0,1,0,1,1,0,0,1,0,ID12359
259,36,12166.9,0,-1.191517708528984,0.3673469387755102,0.12307632215561011,0.0,0,1,0,0,0,1,1,0,1,0,1,0,1,0,1,0,1,0,0,1,0,ID12360
260,22,17180.2,0,-0.8025495058163875,0.08163265306122448,0.20934016497037217,0.0,0,1,0,0,1,0,0,1,1,0,0,1,0,1,1,0,1,0,1,0,0,ID12361
261,40,28882.3,1,0.10538435111678514,0.4489795918367347,0.41069817566245653,0.3333333333333333,1,0,0,0,0,1,0,1,1,0,0,1,0,1,0,1,0,1,0,1,0,ID12362
262,40,21612.2,0,-0.45868277643210426,0.4489795918367347,0.28560157987772367,0.0,1,0,0,0,0,1,0,1,1,0,1,0,0,1,1,0,1,0,0,1,0,ID12363
263,60,46358.4,0,1.4613070382541213,0.8571428571428571,0.7114093925086582,0.0,1,0,1,0,0,0,0,1,0,1,0,1,0,1,0,1,1,0,0,0,1,ID12364
264,23,19166.0,0,-0.6484767280160019,0.10204081632653061,0.243509821496324,0.0,0,1,1,0,0,0,1,0,0,1,0,1,1,0,1,0,0,1,1,0,0,ID12365
265,21,17921.8,1,-0.7450107949609309,0.061224489795918366,0.22210087464891273,0.3333333333333333,0,1,1,0,0,0,0,1,0,1,1,0,1,0,1,0,0,1,1,0,0,ID12366
266,58,33229.0,0,0.44263288735655604,0.8163265306122449,0.4854918336448087,0.0,0,1,0,0,0,1,1,0,0,1,0,1,0,1,1,0,0,1,0,0,1,ID12367
267,48,30396.1,0,0.22283594293581216,0.6122448979591837,0.43674612915675903,0.0,1,0,0,0,1,0,1,0,1,0,0,1,0,1,1,0,0,1,0,1,0,ID12368
268,63,34625.2,0,0.5509602175836172,0.9183673469387755,0.5095162441803782,0.0,1,0,0,0,0,1,0,1,0,1,1,0,0,1,1,0,1,0,0,0,1,ID12369
269,20,16672.8,3,-0.8419172807463483,0.04081632653061224,0.20060933421134908,1.0,0,1,0,0,0,1,1,0,0,1,1,0,0,1,0,1,1,0,1,0,0,ID12370
270,67,60747.5,2,2.5777178586023592,1.0,0.9590026066881192,0.6666666666666666,1,0,0,0,1,0,1,0,1,0,0,1,0,1,0,1,0,1,0,0,1,ID12371
271,62,56394.3,0,2.2399650051827606,0.8979591836734694,0.8840971032191025,0.0,1,0,1,0,0,0,1,0,0,1,0,1,0,1,1,0,0,1,0,0,1,ID12372
272,36,13236.4,0,-1.108538135632664,0.3673469387755102,0.1414792064614342,0.0,0,1,0,0,0,1,0,1,1,0,0,1,0,1,1,0,1,0,0,1,0,ID12373
273,31,28409.4,1,0.06869333660283504,0.2653061224489796,0.40256098633265364,0.3333333333333333,0,1,1,0,0,0,0,1,0,1,1,0,0,1,1,0,0,1,0,1,0,ID12374
274,42,27056.5,0,-0.03627446533398748,0.4897959183673469,0.3792816388082502,0.0,1,0,1,0,0,0,0,1,0,1,0,1,0,1,1,0,1,0,0,1,0,ID12375
275,18,9362.58,0,-1.409097209103653,0.0,0.074822393668926,0.0,0,1,0,1,0,0,0,1,0,1,1,0,0,1,0,1,0,1,0,0,0,ID12376
276,46,28702.7,1,0.09144967950184452,0.5714285714285714,0.4076077988309222,0.3333333333333333,1,0,0,0,1,0,1,0,1,0,0,1,0,1,0,1,0,1,0,1,0,ID12377
277,25,22366.1,1,-0.4001897422978961,0.14285714285714285,0.29857393563102963,0.3333333333333333,0,1,0,0,0,1,0,1,0,1,0,1,0,1,1,0,0,1,1,0,0,ID12378
278,65,24477.5,0,-0.2363720048380639,0.9591836734693877,0.33490479109930177,0.0,1,0,0,1,0,0,1,0,1,0,0,1,1,0,0,1,1,0,0,0,1,ID12379
279,40,36972.4,1,0.733073030582442,0.4489795918367347,0.5499045097648854,0.3333333333333333,0,1,0,0,0,1,0,1,1,0,1,0,0,1,0,1,0,1,0,1,0,ID12380
280,32,22327.8,1,-0.4031613342959597,0.2857142857142857,0.2979149076096056,0.3333333333333333,0,1,1,0,0,0,0,1,1,0,1,0,1,0,1,0,0,1,0,1,0,ID12381
281,18,15610.2,0,-0.9243615015594663,0.0,0.18232517819136904,0.0,1,0,1,0,0,0,0,1,1,0,0,1,0,1,1,0,1,0,0,0,0,ID12382
282,64,54314.5,1,2.0785990250894772,0.9387755102040817,0.8483099888860001,0.3333333333333333,0,1,1,0,0,0,0,1,0,1,0,1,1,0,1,0,0,1,0,0,1,ID12383
283,43,39175.8,3,0.9040287958183018,0.5102040816326531,0.5878184090444112,1.0,1,0,1,0,0,0,0,1,1,0,0,1,0,1,0,1,1,0,0,1,0,ID12384
284,22,13739.0,3,-1.0695427795431918,0.08163265306122448,0.15012744363030492,1.0,1,0,1,0,0,0,0,1,1,0,0,1,0,1,1,0,1,0,1,0,0,ID12385
285,25,9485.84,0,-1.3995338036289449,0.14285714285714285,0.07694332823604698,0.0,0,1,0,0,0,1,0,1,1,0,1,0,1,0,1,0,1,0,1,0,0,ID12386
286,39,24675.7,1,-0.22099421021623059,0.42857142857142855,0.33831521809267656,0.3333333333333333,0,1,1,0,0,0,0,1,0,1,0,1,0,1,0,1,0,1,0,1,0,ID12387
287,58,28253.6,3,0.05660524173864904,0.8163265306122449,0.3998801360522914,1.0,1,0,1,0,0,0,0,1,1,0,1,0,0,1,1,0,1,0,0,0,1,ID12388
288,33,14136.5,1,-1.0387018443152467,0.30612244897959184,0.15696722531479773,0.3333333333333333,0,1,1,0,0,0,0,1,1,0,0,1,1,0,1,0,1,0,0,1,0,ID12389
289,52,37162.1,1,0.7477913335075769,0.6938775510204082,0.5531686772756986,0.3333333333333333,1,0,0,1,0,0,0,1,0,1,0,1,0,1,1,0,0,1,0,1,0,ID12390
290,23,13519.2,0,-1.0865964589472226,0.10204081632653061,0.14634534548124448,0.0,0,1,1,0,0,0,1,0,1,0,0,1,0,1,1,0,0,1,1,0,0,ID12391
291,44,39253.6,0,0.9100650845245508,0.5306122448979592,0.5891571134847974,0.0,1,0,1,0,0,0,1,0,0,1,0,1,1,0,1,0,0,1,0,1,0,ID12392
292,51,46323.8,2,1.4586225191122677,0.673469387755102,0.7108140303796432,0.6666666666666666,0,1,0,1,0,0,0,1,0,1,0,1,0,1,0,1,0,1,0,1,0,ID12393
293,26,20950.7,0,-0.5100067478869109,0.16326530612244897,0.2742191507348507,0.0,1,0,0,0,0,1,0,1,1,0,0,1,0,1,1,0,1,0,1,0,0,ID12394
294,42,22495.7,0,-0.3901344336047093,0.4897959183673469,0.3008039625651436,0.0,0,1,0,0,0,1,0,1,1,0,0,1,1,0,0,1,1,0,0,1,0,ID12395
295,34,32548.9,0,0.3898657928948569,0.32653061224489793,0.47378935434009534,0.0,0,1,0,0,0,1,0,1,0,1,0,1,0,1,0,1,1,0,0,1,0,ID12396
296,54,24583.4,2,-0.2281555141697886,0.7346938775510204,0.3367270121820384,0.6666666666666666,1,0,0,1,0,0,1,0,0,1,0,1,0,1,0,1,1,0,0,1,0,ID12397
297,18,8639.24,2,-1.4652191766200855,0.0,0.06237588377292337,0.6666666666666666,0,1,0,1,0,0,0,1,1,0,1,0,1,0,1,0,1,0,0,0,0,ID12398
298,47,17139.5,2,-0.8057073072346954,0.5918367346938775,0.20863984015387188,0.6666666666666666,1,0,1,0,0,0,1,0,0,1,1,0,0,1,1,0,1,0,0,1,0,ID12399
299,24,13667.7,0,-1.075074751069613,0.12244897959183673,0.14890058467658332,0.0,1,0,1,0,0,0,0,1,1,0,0,1,0,1,1,0,1,0,1,0,0,ID12400
300,19,8162.42,1,-1.5022143331871014,0.02040816326530612,0.0541712430111627,0.3333333333333333,1,0,1,0,0,0,0,1,0,1,0,1,0,1,0,1,1,0,1,0,0,ID12401
301,37,15349.6,0,-0.9445807411076487,0.3877551020408163,0.17784103452601344,0.0,1,0,0,0,0,1,0,1,1,0,0,1,1,0,1,0,1,0,0,1,0,ID12402
302,45,29231.4,0,0.1324700630364724,0.5510204081632653,0.41670513864624636,0.0,1,0,0,0,0,1,0,1,1,0,0,1,1,0,1,0,1,0,0,1,0,ID12403
303,49,41462.3,3,1.0814320622301168,0.6326530612244898,0.6271622098534498,1.0,0,1,0,1,0,0,0,1,1,0,0,1,0,1,0,1,1,0,0,1,0,ID12404
304,67,57398.1,3,2.3178470951998955,1.0,0.9013694877597159,1.0,1,0,0,1,0,0,1,0,1,0,0,1,0,1,1,0,0,1,0,0,1,ID12405
305,35,11520.8,0,-1.2416468362038906,0.3469387755102041,0.11195888078114263,0.0,1,0,0,1,0,0,0,1,1,0,1,0,0,1,1,0,1,0,0,1,0,ID12406
306,63,52117.3,2,1.9081243008559152,0.9183673469387755,0.8105027729937544,0.6666666666666666,0,1,1,0,0,0,1,0,0,1,0,1,0,1,1,0,0,1,0,0,1,ID12407
307,38,26281.4,0,-0.09641234934701941,0.40816326530612246,0.3659444946984379,0.0,0,1,0,1,0,0,1,0,0,1,0,1,0,1,1,0,0,1,0,1,0,ID12408
308,48,25683.4,2,-0.14280952989119844,0.6122448979591837,0.35565470992528897,0.6666666666666666,0,1,0,0,0,1,1,0,0,1,0,1,0,1,1,0,1,0,0,1,0,ID12409
309,28,11920.7,1,-1.2106196915557013,0.20408163265306123,0.11883995926071167,0.3333333333333333,1,0,1,0,0,0,1,0,1,0,0,1,0,1,1,0,1,0,1,0,0,ID12410
310,46,30658.7,0,0.24321035700086488,0.5714285714285714,0.4412646868180114,0.0,0,1,0,0,0,1,0,1,1,0,0,1,0,1,1,0,1,0,0,1,0,ID12411
311,66,36646.4,1,0.7077795843326052,0.9795918367346939,0.5442950284337038,0.3333333333333333,0,1,1,0,0,0,1,0,1,0,0,1,0,1,1,0,0,1,0,0,1,ID12412
312,61,30760.4,2,0.25110098118371277,0.8775510204081632,0.4430146385093647,0.6666666666666666,1,0,0,0,0,1,1,0,0,1,1,0,0,1,1,0,0,1,0,0,1,ID12413
313,18,16109.9,2,-0.8855911485194559,0.0,0.19092351506618926,0.6666666666666666,1,0,0,1,0,0,1,0,0,1,0,1,0,1,1,0,1,0,0,0,0,ID12414
314,54,18036.7,0,-0.7360960189667398,0.7346938775510204,0.224077958713185,0.0,1,0,0,0,0,1,0,1,0,1,0,1,1,0,1,0,1,0,0,1,0,ID12415
315,45,42628.3,0,1.1718988055654223,0.5510204081632653,0.6472255694612954,0.0,0,1,0,1,0,0,1,0,0,1,0,1,0,1,0,1,1,0,0,1,0,ID12416
316,60,22110.1,2,-0.4200520804572771,0.8571428571428571,0.2941689441562368,0.6666666666666666,0,1,1,0,0,0,1,0,0,1,0,1,0,1,1,0,1,0,0,0,1,ID12417
317,45,37689.1,1,0.7886798187028651,0.5510204081632653,0.5622367651945105,0.3333333333333333,1,0,0,0,0,1,1,0,1,0,0,1,0,1,0,1,0,1,0,1,0,ID12418
318,31,23171.8,2,-0.3376776881767505,0.2653061224489796,0.3124376138780633,0.6666666666666666,1,0,1,0,0,0,1,0,1,0,0,1,1,0,1,0,1,0,0,1,0,ID12419
319,39,21951.3,0,-0.43237293709676805,0.42857142857142855,0.29143647288202934,0.0,0,1,0,0,1,0,1,0,0,1,0,1,0,1,0,1,1,0,0,1,0,ID12420
320,53,38103.4,2,0.8208242198725197,0.7142857142857143,0.5693656244445366,0.6666666666666666,0,1,1,0,0,0,1,0,0,1,0,1,0,1,1,0,0,1,0,1,0,ID12421
321,35,22882.9,0,-0.3600926471386455,0.3469387755102041,0.3074665121707678,0.0,0,1,0,1,0,0,0,1,0,1,1,0,1,0,0,1,0,1,0,1,0,ID12422
322,25,11043.7,1,-1.2786637172032682,0.14285714285714285,0.10374942205995642,0.3333333333333333,1,0,0,0,0,1,0,1,0,1,0,1,1,0,0,1,1,0,1,0,0,ID12423
323,32,24027.6,0,-0.2712785124080074,0.2857142857142857,0.3271633627223123,0.0,0,1,0,0,0,1,1,0,1,0,0,1,0,1,1,0,0,1,0,1,0,ID12424
324,36,28495.1,0,0.07534256465072134,0.3673469387755102,0.4040356260568323,0.0,0,1,0,0,1,0,0,1,1,0,0,1,0,1,1,0,1,0,0,1,0,ID12425
325,24,9465.21,0,-1.4011344287704608,0.12244897959183673,0.07658834786837126,0.0,1,0,0,0,0,1,1,0,1,0,1,0,0,1,1,0,0,1,1,0,0,ID12426
326,39,34852.3,1,0.5685802839742248,0.42857142857142855,0.5134239534144621,0.3333333333333333,0,1,1,0,0,0,0,1,1,0,0,1,1,0,0,1,0,1,0,1,0,ID12427
327,24,21268.4,0,-0.4853572758820854,0.12244897959183673,0.2796858139830604,0.0,0,1,1,0,0,0,0,1,1,0,1,0,0,1,0,1,0,1,1,0,0,ID12428
328,57,50849.2,1,1.8097358984343872,0.7959183673469388,0.7886825788953761,0.3333333333333333,1,0,0,1,0,0,1,0,1,0,0,1,1,0,0,1,0,1,0,0,1,ID12429
329,27,18555.9,3,-0.6958127143872452,0.1836734693877551,0.2330118320479993,1.0,1,0,0,0,0,1,0,1,1,0,1,0,0,1,1,0,1,0,1,0,0,ID12430
330,66,52769.9,3,1.9587577457106495,0.9795918367346939,0.8217320598548865,1.0,1,0,0,1,0,0,0,1,0,1,0,1,0,1,1,0,0,1,0,0,1,ID12431
331,18,11601.4,2,-1.235393303174023,0.0,0.11334576481578446,0.6666666666666666,1,0,1,0,0,0,0,1,1,0,0,1,0,1,0,1,1,0,0,0,0,ID12432
332,33,29541.7,0,0.1565453893288783,0.30612244897959184,0.42204447010963786,0.0,1,0,0,0,0,1,0,1,1,0,0,1,1,0,1,0,1,0,0,1,0,ID12433
333,48,17861.0,2,-0.7497281002737838,0.6122448979591837,0.22105468917364943,0.6666666666666666,0,1,0,0,1,0,0,1,1,0,0,1,0,1,1,0,1,0,0,1,0,ID12434
334,23,21042.0,1,-0.502923031191788,0.10204081632653061,0.27579014964754045,0.3333333333333333,1,0,0,0,1,0,0,1,1,0,1,0,0,1,1,0,0,1,1,0,0,ID12435
335,44,26688.1,1,-0.06485761134147179,0.5306122448979592,0.37294258076405606,0.3333333333333333,0,1,0,0,0,1,0,1,1,0,0,1,1,0,0,1,0,1,0,1,0,ID12436
336,39,26900.6,2,-0.04837031892401688,0.42857142857142855,0.37659906782809316,0.6666666666666666,0,1,1,0,0,0,0,1,1,0,1,0,1,0,0,1,1,0,0,1,0,ID12437
337,65,38080.9,1,0.8190785065577304,0.9591836734693877,0.5689784669906974,0.3333333333333333,0,1,1,0,0,0,0,1,0,1,0,1,1,0,0,1,1,0,0,0,1,ID12438
338,60,37554.1,2,0.778205538814129,0.8571428571428571,0.5599138204714752,0.6666666666666666,0,1,0,0,1,0,0,1,0,1,0,1,0,1,0,1,0,1,0,0,1,ID12439
339,20,18184.6,0,-0.7246208634441914,0.04081632653061224,0.22662287370975476,0.0,0,1,1,0,0,0,0,1,1,0,1,0,0,1,0,1,0,1,1,0,0,ID12440
340,45,28864.9,0,0.10403433282001487,0.5510204081632653,0.4103987738981542,0.0,1,0,0,0,1,0,0,1,1,0,0,1,0,1,1,0,1,0,0,1,0,ID12441
341,66,48346.1,1,1.6155272318455336,0.9795918367346939,0.7456117423307119,0.3333333333333333,0,1,0,1,0,0,0,1,0,1,0,1,1,0,1,0,0,1,0,0,1,ID12442
342,64,53104.3,0,1.984702924931341,0.9387755102040817,0.8274860799688347,0.0,0,1,1,0,0,0,0,1,0,1,0,1,0,1,1,0,1,0,0,0,1,ID12443
343,51,19416.8,0,-0.6290178436004833,0.673469387755102,0.24782533658178513,0.0,1,0,1,0,0,0,0,1,1,0,0,1,0,1,1,0,1,0,0,1,0,ID12444
344,34,23638.1,2,-0.30149874956847184,0.32653061224489793,0.3204612370214067,0.6666666666666666,0,1,0,1,0,0,0,1,0,1,0,1,0,1,1,0,1,0,0,1,0,ID12445
345,65,42378.2,1,1.1524942322308078,0.9591836734693877,0.642922099274398,0.3333333333333333,1,0,0,0,0,1,0,1,1,0,0,1,0,1,1,0,0,1,0,0,1,ID12446
346,50,39745.3,0,0.9482147394970809,0.6530612244897959,0.5976177943760305,0.0,0,1,0,1,0,0,0,1,0,1,0,1,1,0,0,1,1,0,0,1,0,ID12447
347,66,45189.8,0,1.3706385680468847,0.9795918367346939,0.6913012947061467,0.0,1,0,1,0,0,0,0,1,1,0,0,1,1,0,1,0,1,0,0,0,1,ID12448
348,63,37930.9,0,0.8074404177924681,0.9183673469387755,0.566397417298436,0.0,0,1,1,0,0,0,0,1,1,0,0,1,1,0,0,1,1,0,0,0,1,ID12449
349,53,24042.0,1,-0.2701612558865421,0.7142857142857143,0.3274111434927694,0.3333333333333333,1,0,1,0,0,0,1,0,1,0,1,0,0,1,1,0,0,1,0,1,0,ID12450
350,33,31207.1,0,0.28575920952666367,0.30612244897959184,0.4507010044929192,0.0,1,0,1,0,0,0,1,0,0,1,1,0,0,1,0,1,0,1,0,1,0,ID12451
351,38,24424.3,0,-0.2404996469868103,0.40816326530612246,0.33398937880844637,0.0,0,1,0,0,0,1,0,1,1,0,0,1,0,1,0,1,1,0,0,1,0,ID12452
352,56,24607.8,1,-0.22626238506397278,0.7755102040816326,0.33714686293197954,0.3333333333333333,1,0,0,1,0,0,1,0,1,0,0,1,0,1,0,1,1,0,0,0,1,ID12453
353,48,43057.0,1,1.2051604632565416,0.6122448979591837,0.6546022094817786,0.3333333333333333,0,1,0,0,0,1,1,0,0,1,0,1,0,1,1,0,0,1,0,1,0,ID12454
354,49,30198.5,0,0.2075047006690401,0.6326530612244898,0.4333460263621533,0.0,1,0,0,0,1,0,0,1,0,1,1,0,0,1,0,1,0,1,0,1,0,ID12455
355,54,50186.1,2,1.7582877873660845,0.7346938775510204,0.7772726185557857,0.6666666666666666,1,0,0,1,0,0,0,1,1,0,0,1,0,1,0,1,0,1,0,1,0,ID12456
356,41,22916.1,0,-0.357516750158601,0.46938775510204084,0.30803778450265495,0.0,1,0,0,0,1,0,0,1,1,0,1,0,0,1,1,0,1,0,0,1,0,ID12457
357,19,9592.73,0,-1.391240501574819,0.02040816326530612,0.07878258424675247,0.0,0,1,0,1,0,0,1,0,1,0,0,1,0,1,1,0,0,1,1,0,0,ID12458
358,52,34253.6,3,0.5221287923491409,0.6938775510204082,0.5031221237427492,1.0,1,0,1,0,0,0,1,0,0,1,1,0,0,1,1,0,1,0,0,1,0,ID12459
359,52,22792.3,1,-0.3671220527528641,0.6938775510204082,0.30590755815664183,0.3333333333333333,1,0,1,0,0,0,0,1,0,1,0,1,1,0,1,0,0,1,0,1,0,ID12460
360,64,51620.8,2,1.869602227042897,0.9387755102040817,0.801959498512369,0.6666666666666666,1,0,0,0,0,1,1,0,0,1,0,1,0,1,1,0,0,1,0,0,1,ID12461
361,56,19918.9,3,-0.5900612811402285,0.7755102040816326,0.25646497025168163,1.0,0,1,0,0,0,1,0,1,1,0,0,1,0,1,0,1,1,0,0,0,1,ID12462
362,56,29625.1,2,0.16301616668236396,0.7755102040816326,0.4234795337385352,0.6666666666666666,0,1,0,0,0,1,0,1,1,0,1,0,0,1,1,0,1,0,0,0,1,ID12463
363,19,12549.0,0,-1.1618716170809393,0.02040816326530612,0.12965111607169744,0.0,1,0,0,0,0,1,0,1,1,0,0,1,0,1,1,0,1,0,1,0,0,ID12464
364,56,51299.3,1,1.844657923456018,0.7755102040816326,0.7964274486719554,0.3333333333333333,1,0,0,0,0,1,0,1,0,1,0,1,1,0,1,0,0,1,0,0,1,ID12465
365,27,17364.8,2,-0.7882268979092716,0.1836734693877551,0.21251657679164856,0.6666666666666666,0,1,1,0,0,0,0,1,0,1,0,1,1,0,1,0,0,1,1,0,0,ID12466
366,59,29866.9,1,0.18177676577196702,0.8367346938775511,0.42764018584246066,0.3333333333333333,1,0,1,0,0,0,1,0,0,1,1,0,0,1,1,0,0,1,0,0,1,ID12467
367,56,47750.2,0,1.5692929845440682,0.7755102040816326,0.7353580922532547,0.0,0,1,1,0,0,0,0,1,0,1,0,1,0,1,0,1,1,0,0,0,1,ID12468
368,21,11281.5,0,-1.2602134671474057,0.061224489795918366,0.10784124617208822,0.0,0,1,0,0,0,1,0,1,1,0,0,1,0,1,0,1,1,0,1,0,0,ID12469
369,64,34073.8,3,0.5081786032825135,0.9387755102040817,0.5000283055116252,1.0,0,1,1,0,0,0,0,1,1,0,0,1,1,0,0,1,1,0,0,0,1,ID12470
370,62,46870.4,0,1.5010317145728833,0.8979591836734694,0.7202193754582439,0.0,0,1,1,0,0,0,0,1,1,0,0,1,0,1,1,0,1,0,0,0,1,ID12471
371,44,38453.7,2,0.8480030365023286,0.5306122448979592,0.5753932358258644,0.6666666666666666,1,0,1,0,0,0,1,0,1,0,0,1,0,1,1,0,0,1,0,1,0,ID12472
372,24,7756.36,0,-1.5337194153472504,0.12244897959183673,0.047184169424231474,0.0,1,0,1,0,0,0,1,0,1,0,1,0,1,0,1,0,0,1,1,0,0,ID12473
373,52,28413.8,0,0.06903472053994923,0.6938775510204082,0.4026366971236266,0.0,1,0,1,0,0,0,0,1,1,0,1,0,0,1,1,0,1,0,0,1,0,ID12474
374,67,47198.6,2,1.526495852791277,1.0,0.7258667121849119,0.6666666666666666,1,0,0,0,1,0,0,1,1,0,0,1,0,1,1,0,0,1,0,0,1,ID12475
375,41,20866.3,0,-0.516555112498832,0.46938775510204084,0.27276688010800487,0.0,0,1,1,0,0,0,0,1,0,1,0,1,0,1,1,0,1,0,0,1,0,ID12476
376,58,33204.3,1,0.44071648207320974,0.8163265306122449,0.485066820795483,0.3333333333333333,1,0,0,0,0,1,1,0,1,0,1,0,1,0,0,1,0,1,0,0,1,ID12477
377,40,24823.5,2,-0.20952681341952553,0.4489795918367347,0.3408584123894515,0.6666666666666666,0,1,1,0,0,0,1,0,1,0,1,0,0,1,1,0,1,0,0,1,0,ID12478
378,19,17986.8,0,-0.7399676231626505,0.02040816326530612,0.22321932951555934,0.0,0,1,0,0,1,0,0,1,1,0,1,0,0,1,0,1,0,1,1,0,0,ID12479
379,20,9909.82,3,-1.3666383577976389,0.04081632653061224,0.08423875122621369,1.0,1,0,1,0,0,0,0,1,1,0,1,0,0,1,1,0,1,0,1,0,0,ID12480
380,56,26542.8,0,-0.07613103999208916,0.7755102040816326,0.37044240396215217,0.0,1,0,0,0,0,1,1,0,0,1,0,1,0,1,1,0,0,1,0,0,1,ID12481
381,46,32583.5,2,0.3925503120367106,0.5714285714285714,0.4743847164691103,0.6666666666666666,1,0,1,0,0,0,0,1,0,1,0,1,0,1,1,0,1,0,0,1,0,ID12482
382,30,14606.6,1,-1.0022280741249145,0.24489795918367346,0.16505623505034508,0.3333333333333333,0,1,1,0,0,0,0,1,1,0,1,0,0,1,1,0,1,0,1,0,0,ID12483
383,40,34836.8,1,0.567377681468481,0.4489795918367347,0.5131572449462618,0.3333333333333333,1,0,0,0,0,1,0,1,0,1,0,1,0,1,1,0,0,1,0,1,0,ID12484
384,36,26920.8,0,-0.04680305630362817,0.3673469387755102,0.37694664918665105,0.0,1,0,0,0,0,1,0,1,1,0,1,0,0,1,1,0,1,0,0,1,0,ID12485
385,57,38248.3,3,0.8320666136197632,0.7959183673469388,0.5718589184472612,1.0,1,0,1,0,0,0,1,0,0,1,1,0,0,1,0,1,1,0,0,0,1,ID12486
386,49,15689.1,0,-0.9182398668689383,0.6326530612244898,0.1836828103294985,0.0,0,1,1,0,0,0,1,0,1,0,1,0,0,1,1,0,1,0,0,1,0,ID12487
387,61,30157.7,1,0.2043391405248888,0.8775510204081632,0.4326439808458582,0.3333333333333333,0,1,1,0,0,0,1,0,0,1,1,0,1,0,1,0,0,1,0,0,1,ID12488
388,29,14642.2,0,-0.9994659677246256,0.22448979591836735,0.1656688041773085,0.0,0,1,1,0,0,0,1,0,0,1,1,0,0,1,1,0,0,1,1,0,0,ID12489
389,48,15933.3,0,-0.8992930583590913,0.6122448979591837,0.18788475922850015,0.0,1,0,1,0,0,0,0,1,1,0,0,1,1,0,1,0,1,0,0,1,0,ID12490
390,56,44288.3,0,1.3006936545676584,0.7755102040816326,0.6757891860556554,0.0,1,0,1,0,0,0,0,1,1,0,0,1,0,1,1,0,1,0,0,0,1,ID12491
391,40,22197.1,0,-0.41330198897342496,0.4489795918367347,0.2956659529777484,0.0,0,1,0,0,0,1,1,0,0,1,1,0,0,1,1,0,0,1,0,1,0,ID12492
392,58,38248.3,3,0.8320666136197632,0.8163265306122449,0.5718589184472612,1.0,1,0,0,0,0,1,0,1,0,1,0,1,1,0,1,0,1,0,0,0,1,ID12493
393,60,22053.2,2,-0.4244667954622331,0.8571428571428571,0.2931898659729723,0.6666666666666666,1,0,1,0,0,0,0,1,0,1,0,1,1,0,0,1,1,0,0,0,1,ID12494
394,58,25468.5,0,-0.15948303172889766,0.8163265306122449,0.35195692606617573,0.0,1,0,0,0,1,0,1,0,0,1,1,0,1,0,0,1,0,1,0,0,1,ID12495
395,67,23485.9,3,-0.3133075303022911,1.0,0.3178423319336588,1.0,1,0,0,0,0,1,0,1,0,1,1,0,1,0,0,1,1,0,0,0,1,ID12496
396,40,25768.6,0,-0.13619909547252967,0.4489795918367347,0.35712074615049344,0.0,0,1,0,1,0,0,0,1,0,1,0,1,1,0,1,0,1,0,0,1,0,ID12497
397,48,34182.2,2,0.5165890620968759,0.6122448979591837,0.5018935440892327,0.6666666666666666,0,1,1,0,0,0,0,1,1,0,0,1,0,1,1,0,0,1,0,1,0,ID12498
398,64,57444.5,1,2.321447143991284,0.9387755102040817,0.9021678924645222,0.3333333333333333,1,0,1,0,0,0,1,0,1,0,0,1,0,1,1,0,0,1,0,0,1,ID12499
399,43,38059.8,0,0.8174414154047502,0.5102040816326531,0.568615399333986,0.0,0,1,0,0,0,1,0,1,0,1,0,1,1,0,0,1,1,0,0,1,0,ID12500
400,34,19481.3,0,-0.6240134654314206,0.32653061224489793,0.24893518794945754,0.0,1,0,0,1,0,0,1,0,1,0,1,0,0,1,0,1,0,1,0,1,0,ID12501
401,26,19563.8,3,-0.6176125166105263,0.16326530612244897,0.25035476528020134,1.0,0,1,0,1,0,0,1,0,0,1,1,0,1,0,0,1,1,0,1,0,0,ID12502
402,48,38598.4,0,0.8592299127978853,0.6122448979591837,0.5778830884289994,0.0,0,1,1,0,0,0,0,1,0,1,1,0,0,1,1,0,1,0,0,1,0,ID12503
403,35,20754.3,0,-0.5252448854435612,0.3469387755102041,0.270839696337783,0.0,0,1,1,0,0,0,1,0,1,0,1,0,1,0,0,1,0,1,0,1,0,ID12504
404,24,13864.6,3,-1.0597978198837454,0.12244897959183673,0.15228864257262514,1.0,1,0,1,0,0,0,0,1,1,0,0,1,0,1,1,0,0,1,1,0,0,ID12505
405,47,36599.0,3,0.7041019482827823,0.5918367346938775,0.5434794167309491,1.0,0,1,0,0,1,0,0,1,0,1,0,1,0,1,1,0,0,1,0,1,0,ID12506
406,52,45856.1,1,1.4223349583421796,0.6938775510204082,0.702766317439172,0.3333333333333333,0,1,0,0,1,0,1,0,1,0,0,1,0,1,1,0,0,1,0,1,0,ID12507
407,31,22362.3,0,-0.40048457387994935,0.2653061224489796,0.2985085490388257,0.0,0,1,0,0,1,0,1,0,1,0,0,1,0,1,1,0,0,1,0,1,0,ID12508
408,41,21984.0,1,-0.4298358337459408,0.46938775510204084,0.29199914171494235,0.3333333333333333,1,0,0,0,1,0,0,1,0,1,1,0,1,0,1,0,0,1,0,1,0,ID12509
409,23,11073.0,2,-1.2763904105311203,0.10204081632653061,0.10425358709984481,0.6666666666666666,0,1,0,0,1,0,0,1,1,0,0,1,1,0,1,0,1,0,1,0,0,ID12510
410,27,18158.5,1,-0.726645890889347,0.1836734693877551,0.2261737710633013,0.3333333333333333,1,0,1,0,0,0,1,0,0,1,1,0,0,1,0,1,0,1,1,0,0,ID12511
411,22,7304.2,0,-1.5688012701212573,0.08163265306122448,0.039403853231878574,0.0,0,1,1,0,0,0,1,0,0,1,0,1,0,1,0,1,1,0,1,0,0,ID12512
412,67,58092.0,2,2.3716848938279993,1.0,0.9133094236361174,0.6666666666666666,1,0,1,0,0,0,1,0,0,1,0,1,0,1,1,0,0,1,0,0,1,ID12513
413,26,16518.6,0,-0.8538812359970379,0.16326530612244897,0.1979560151277043,0.0,1,0,1,0,0,0,0,1,0,1,1,0,0,1,1,0,0,1,1,0,0,ID12514
414,58,46461.5,0,1.4693062845987783,0.8163265306122449,0.7131834339971392,0.0,1,0,0,0,1,0,0,1,1,0,0,1,0,1,1,0,1,0,0,0,1,ID12515
415,27,20058.7,0,-0.5792145824110041,0.1836734693877551,0.2588705085648693,0.0,0,1,0,1,0,0,0,1,1,0,0,1,0,1,0,1,1,0,1,0,0,ID12516
416,36,12533.2,1,-1.1630974957642135,0.3673469387755102,0.12937924550411256,0.3333333333333333,0,1,1,0,0,0,1,0,1,0,0,1,1,0,0,1,1,0,0,1,0,ID12517
417,31,22848.5,1,-0.36276164882881246,0.2653061224489796,0.3068745914413425,0.3333333333333333,0,1,0,1,0,0,0,1,0,1,1,0,1,0,1,0,0,1,0,1,0,ID12518
418,28,25699.4,2,-0.1415681337562371,0.20408163265306123,0.35593002189246353,0.6666666666666666,1,0,0,0,0,1,0,1,0,1,0,1,1,0,1,0,0,1,1,0,0,ID12519
419,57,21612.6,0,-0.4586517415287304,0.7959183673469388,0.285608462676903,0.0,0,1,0,0,0,1,0,1,1,0,0,1,0,1,0,1,1,0,0,0,1,ID12520
420,64,48950.9,0,1.6624520057470715,0.9387755102040817,0.7560185346899102,0.0,0,1,1,0,0,0,0,1,0,1,0,1,0,1,0,1,1,0,0,0,1,ID12521
421,49,41438.0,1,1.079546691850144,0.6326530612244898,0.6267440798033034,0.3333333333333333,0,1,1,0,0,0,1,0,1,0,0,1,1,0,1,0,0,1,0,1,0,ID12522
422,22,11411.0,1,-1.2501659171800625,0.08163265306122448,0.11006955240640727,0.3333333333333333,0,1,1,0,0,0,0,1,0,1,1,0,0,1,1,0,1,0,1,0,0,ID12523
423,58,43940.6,0,1.27371656480978,0.8163265306122449,0.6698063128689933,0.0,1,0,1,0,0,0,0,1,0,1,0,1,0,1,1,0,1,0,0,0,1,ID12524
424,20,17239.5,1,-0.7979485813911873,0.04081632653061224,0.21036053994871284,0.3333333333333333,0,1,0,0,0,1,1,0,0,1,1,0,0,1,1,0,0,1,1,0,0,ID12525
425,44,30488.7,0,0.23002052306690093,0.5306122448979592,0.4383394971667818,0.0,1,0,0,1,0,0,0,1,1,0,0,1,0,1,1,0,1,0,0,1,0,ID12526
426,65,29866.3,3,0.1817302134169058,0.9591836734693877,0.4276298616436916,1.0,1,0,0,0,0,1,0,1,1,0,0,1,1,0,1,0,1,0,0,0,1,ID12527
427,53,32184.4,2,0.36158523719526947,0.7142857142857143,0.4675174035879,0.6666666666666666,1,0,1,0,0,0,0,1,0,1,1,0,1,0,1,0,0,1,0,1,0,ID12528
428,34,17308.7,1,-0.7925795431074795,0.32653061224489793,0.2115512642067428,0.3333333333333333,1,0,1,0,0,0,0,1,0,1,1,0,0,1,0,1,0,1,0,1,0,ID12529
429,35,27863.9,2,0.026369487126497816,0.3469387755102041,0.3931745689517962,0.6666666666666666,0,1,0,1,0,0,1,0,1,0,0,1,0,1,0,1,1,0,0,1,0,ID12530
430,48,28920.6,0,0.10835594311484871,0.6122448979591837,0.4113572036838806,0.0,0,1,0,0,0,1,0,1,1,0,0,1,1,0,0,1,1,0,0,1,0,ID12531
431,64,58367.3,1,2.3930446660751774,0.9387755102040817,0.9180465101713147,0.3333333333333333,1,0,0,0,0,1,0,1,0,1,0,1,0,1,1,0,0,1,0,0,1,ID12532
432,46,16849.3,0,-0.8282231296325563,0.5714285714285714,0.20364636934924338,0.0,0,1,0,0,0,1,1,0,0,1,0,1,0,1,0,1,1,0,0,1,0,ID12533
433,42,28138.5,0,0.04767494829277121,0.4897959183673469,0.39789961058842943,0.0,1,0,0,1,0,0,0,1,1,0,1,0,0,1,0,1,0,1,0,1,0,ID12534
434,47,23038.2,0,-0.34804334590367736,0.5918367346938775,0.3101387589521558,0.0,0,1,1,0,0,0,0,1,0,1,0,1,1,0,1,0,1,0,0,1,0,ID12535
435,23,11736.9,2,-1.2248802296560695,0.10204081632653061,0.11567731303779397,0.6666666666666666,0,1,0,0,0,1,1,0,0,1,0,1,0,1,0,1,1,0,1,0,0,ID12536
436,35,16479.5,0,-0.8569148978018496,0.3469387755102041,0.19728322150792152,0.0,0,1,1,0,0,0,0,1,0,1,1,0,1,0,0,1,0,1,0,1,0,ID12537
437,64,31415.7,1,0.3019439116362219,0.9387755102040817,0.4542903842649575,0.3333333333333333,1,0,1,0,0,0,1,0,0,1,0,1,1,0,0,1,0,1,0,0,1,ID12538
438,18,12117.3,1,-1.1953660365473642,0.0,0.12222285505736898,0.3333333333333333,1,0,0,0,1,0,0,1,1,0,1,0,0,1,1,0,1,0,0,0,0,ID12539
439,19,15417.1,1,-0.9393436011632806,0.02040816326530612,0.17900250688753108,0.3333333333333333,0,1,1,0,0,0,0,1,0,1,1,0,0,1,1,0,1,0,1,0,0,ID12540
440,40,29414.6,1,0.1466840487817792,0.4489795918367347,0.419857460670395,0.3333333333333333,0,1,1,0,0,0,0,1,1,0,0,1,1,0,0,1,0,1,0,1,0,ID12541
441,47,44682.1,0,1.3312475169393934,0.5918367346938775,0.682565301847739,0.0,0,1,1,0,0,0,0,1,0,1,0,1,0,1,1,0,1,0,0,1,0,ID12542
442,43,36281.0,0,0.6794292001004262,0.5102040816326531,0.5380075913833549,0.0,1,0,0,1,0,0,0,1,0,1,0,1,0,1,1,0,1,0,0,1,0,ID12543
443,38,33302.8,0,0.44835882702906527,0.40816326530612246,0.48676171009340136,0.0,0,1,0,0,0,1,1,0,0,1,1,0,0,1,0,1,0,1,0,1,0,ID12544
444,21,15797.1,0,-0.9098604429579494,0.061224489795918366,0.18554116610792676,0.0,1,0,0,1,0,0,0,1,1,0,0,1,0,1,1,0,0,1,1,0,0,ID12545
445,40,31864.8,0,0.33678834939941715,0.4489795918367347,0.46201804704358823,0.0,0,1,0,1,0,0,0,1,0,1,0,1,0,1,1,0,1,0,0,1,0,ID12546
446,52,43719.5,0,1.2565620219697835,0.6938775510204082,0.6660018456226,0.0,1,0,0,0,0,1,0,1,1,0,0,1,0,1,1,0,1,0,0,1,0,ID12547
447,35,30799.5,2,0.25413464298852434,0.3469387755102041,0.44368743212914746,0.6666666666666666,1,0,0,0,0,1,0,1,1,0,1,0,0,1,1,0,0,1,0,1,0,ID12548
448,53,48971.6,3,1.6640580619966774,0.7142857142857143,0.7563747195474422,1.0,0,1,0,1,0,0,0,1,0,1,0,1,1,0,1,0,0,1,0,1,0,ID12549
449,38,34061.4,0,0.5072165212779184,0.40816326530612246,0.4998149387370649,0.0,1,0,0,1,0,0,1,0,0,1,0,1,0,1,1,0,0,1,0,1,0,ID12550
450,42,28938.6,3,0.10975251376668019,0.4897959183673469,0.41166692964695195,1.0,0,1,1,0,0,0,0,1,0,1,1,0,1,0,1,0,1,0,0,1,0,ID12551
451,43,38540.0,0,0.8546988169052764,0.5102040816326531,0.5768781997488123,0.0,0,1,0,0,0,1,1,0,0,1,0,1,1,0,0,1,1,0,0,1,0,ID12552
452,59,27045.1,0,-0.03715896008014753,0.8367346938775511,0.3790854790316383,0.0,1,0,1,0,0,0,1,0,1,0,1,0,0,1,1,0,0,1,0,0,1,ID12553
453,59,51284.3,0,1.8434941145794919,0.8367346938775511,0.7961693437027292,0.0,1,0,0,1,0,0,1,0,0,1,0,1,0,1,0,1,1,0,0,0,1,ID12554
454,24,16352.2,0,-0.8667917558006354,0.12244897959183673,0.19509277066908898,0.0,0,1,1,0,0,0,1,0,1,0,0,1,0,1,0,1,1,0,1,0,0,ID12555
455,27,11866.4,0,-1.2148326796887263,0.1836734693877551,0.117905619272113,0.0,1,0,1,0,0,0,0,1,0,1,0,1,0,1,1,0,1,0,1,0,0,ID12556
456,32,13267.6,0,-1.1061174131694893,0.2857142857142857,0.1420160647974246,0.0,1,0,0,0,0,1,0,1,0,1,0,1,0,1,0,1,1,0,0,1,0,ID12557
457,65,61554.6,0,2.640338534885314,0.9591836734693877,0.9728903747322806,0.0,1,0,1,0,0,0,0,1,1,0,0,1,0,1,1,0,1,0,0,0,1,ID12558
458,18,13700.2,1,-1.0725531651704727,0.0,0.14945981210990664,0.3333333333333333,0,1,0,0,1,0,1,0,1,0,0,1,0,1,1,0,1,0,0,0,0,ID12559
459,66,46963.9,1,1.5082861232365636,0.9795918367346939,0.7218282297664202,0.3333333333333333,0,1,0,0,0,1,0,1,1,0,0,1,0,1,1,0,0,1,0,0,1,ID12560
460,41,23475.6,0,-0.31410667906417267,0.46938775510204084,0.31766509985479013,0.0,0,1,1,0,0,0,0,1,0,1,1,0,0,1,0,1,0,1,0,1,0,ID12561
461,64,24554.1,0,-0.23042882084193675,0.9387755102040817,0.33622284714214995,0.0,1,0,0,0,1,0,0,1,0,1,0,1,1,0,0,1,1,0,0,0,1,ID12562
462,23,18050.0,0,-0.7350641084295533,0.10204081632653061,0.22430681178589884,0.0,1,0,1,0,0,0,0,1,0,1,1,0,0,1,0,1,0,1,1,0,0,ID12563
463,29,15237.6,2,-0.9532705140523778,0.22448979591836735,0.17591385075579158,0.6666666666666666,1,0,0,1,0,0,0,1,0,1,1,0,0,1,1,0,1,0,1,0,0,ID12564
464,28,20555.0,0,-0.5407080260496729,0.20408163265306123,0.267410341646665,0.0,0,1,0,0,0,1,1,0,0,1,0,1,0,1,1,0,0,1,1,0,0,ID12565
465,57,28421.7,2,0.06964765988158649,0.7959183673469388,0.40277263240741906,0.6666666666666666,1,0,0,0,0,1,0,1,0,1,0,1,0,1,0,1,1,0,0,0,1,ID12566
466,38,21876.5,0,-0.4381764640277121,0.40816326530612246,0.2901493894354883,0.0,0,1,1,0,0,0,0,1,1,0,1,0,0,1,1,0,1,0,0,1,0,ID12567
467,34,12810.2,3,-1.1416058251776957,0.32653061224489793,0.13414558393582204,1.0,1,0,0,0,1,0,1,0,1,0,0,1,0,1,1,0,0,1,0,1,0,ID12568
468,43,15109.4,0,-0.9632172005837554,0.5102040816326531,0.17370791361880544,0.0,0,1,0,0,1,0,0,1,1,0,1,0,0,1,1,0,0,1,0,1,0,ID12569
469,63,37414.7,3,0.7673898749882784,0.9183673469387755,0.5575151649574669,1.0,0,1,0,0,0,1,1,0,0,1,0,1,0,1,1,0,1,0,0,0,1,ID12570
470,62,41521.6,0,1.0860329866553167,0.8979591836734694,0.6281825848317905,0.0,1,0,1,0,0,0,0,1,1,0,0,1,0,1,0,1,1,0,0,0,1,ID12571
471,51,25372.8,0,-0.16690813236113505,0.673469387755102,0.3503102163625129,0.0,1,0,1,0,0,0,0,1,0,1,0,1,0,1,1,0,1,0,0,1,0,ID12572
472,61,21139.8,2,-0.49533499731683706,0.8775510204081632,0.2774729940468949,0.6666666666666666,0,1,1,0,0,0,0,1,0,1,0,1,1,0,1,0,1,0,0,0,1,ID12573
473,41,27757.6,0,0.018121961554848378,0.46938775510204084,0.3913454650698802,0.0,1,0,0,0,0,1,1,0,1,0,0,1,0,1,1,0,0,1,0,1,0,ID12574
474,31,22678.1,1,-0.37598251766615054,0.2653061224489796,0.30394251899093344,0.3333333333333333,1,0,0,0,0,1,1,0,0,1,0,1,0,1,0,1,0,1,0,1,0,ID12575
475,33,12178.5,2,-1.1906176963311372,0.30612244897959184,0.12327592333181166,0.6666666666666666,1,0,0,0,0,1,0,1,1,0,0,1,0,1,0,1,1,0,0,1,0,ID12576
476,43,26106.7,1,-0.10996684339562829,0.5102040816326531,0.3629384321568508,0.3333333333333333,0,1,0,1,0,0,1,0,1,0,1,0,0,1,1,0,0,1,0,1,0,ID12577
477,40,27417.6,0,-0.008257706313079495,0.4489795918367347,0.3854950857674209,0.0,0,1,1,0,0,0,0,1,1,0,0,1,0,1,0,1,1,0,0,1,0,ID12578
478,47,23337.2,2,-0.3248447556315878,0.5918367346938775,0.31528365133873026,0.6666666666666666,0,1,0,0,0,1,0,1,1,0,0,1,0,1,0,1,1,0,0,1,0,ID12579
479,46,43395.5,1,1.2314237502368168,0.5714285714285714,0.6604267782873152,0.3333333333333333,0,1,0,0,0,1,1,0,0,1,0,1,0,1,1,0,0,1,0,1,0,ID12580
480,30,11536.2,2,-1.2404519924239903,0.24489795918367346,0.11222386854954816,0.6666666666666666,0,1,0,1,0,0,0,1,1,0,1,0,0,1,0,1,1,0,1,0,0,ID12581
481,47,44658.6,2,1.329424216366169,0.5918367346938775,0.6821609373959514,0.6666666666666666,0,1,1,0,0,0,1,0,0,1,0,1,0,1,1,0,0,1,0,1,0,ID12582
482,44,32762.5,0,0.4064384312965903,0.5306122448979592,0.4774647691018756,0.0,0,1,0,1,0,0,1,0,1,0,0,1,0,1,0,1,1,0,0,1,0,ID12583
483,23,16403.8,0,-0.8627882532653853,0.10204081632653061,0.1959806517632269,0.0,0,1,0,1,0,0,0,1,0,1,0,1,1,0,1,0,1,0,1,0,0,ID12584
484,28,21184.7,1,-0.4918513294131018,0.20408163265306123,0.2782455882547785,0.3333333333333333,1,0,1,0,0,0,0,1,0,1,0,1,0,1,1,0,0,1,1,0,0,ID12585
485,64,49917.3,0,1.7374323322987348,0.9387755102040817,0.7726473775072532,0.0,1,0,1,0,0,0,0,1,0,1,0,1,0,1,0,1,1,0,0,0,1,ID12586
486,35,21623.8,0,-0.4577827642342574,0.3469387755102041,0.2858011810539252,0.0,1,0,0,0,0,1,0,1,1,0,0,1,1,0,0,1,1,0,0,1,0,ID12587
487,19,16625.9,1,-0.8455561231669534,0.02040816326530612,0.19980232600756873,0.3333333333333333,0,1,0,1,0,0,0,1,1,0,1,0,0,1,1,0,0,1,1,0,0,ID12588
488,27,14014.5,3,-1.0481674898443267,0.1836734693877551,0.15486797156509177,1.0,1,0,0,0,0,1,0,1,1,0,0,1,1,0,1,0,1,0,1,0,0,ID12589
489,27,20409.3,2,-0.5520124896036644,0.1836734693877551,0.26490328204558167,0.6666666666666666,0,1,1,0,0,0,0,1,1,0,0,1,1,0,1,0,0,1,1,0,0,ID12590
490,58,31671.3,1,0.32177521489222877,0.8163265306122449,0.458688492940571,0.3333333333333333,1,0,1,0,0,0,0,1,0,1,0,1,1,0,0,1,0,1,0,0,1,ID12591
491,46,17149.2,1,-0.8049547108278751,0.5714285714285714,0.20880674803397145,0.3333333333333333,1,0,0,0,0,1,1,0,0,1,0,1,0,1,1,0,0,1,0,1,0,ID12592
492,61,27756.3,0,0.018021098118882826,0.8775510204081632,0.3913230959725473,0.0,1,0,0,0,0,1,0,1,0,1,0,1,1,0,0,1,0,1,0,0,1,ID12593
493,59,40949.9,0,1.0416763510079805,0.8367346938775511,0.6183453441046847,0.0,0,1,1,0,0,0,1,0,1,0,0,1,0,1,1,0,0,1,0,0,1,ID12594
494,47,43743.2,3,1.2584008399946947,0.5918367346938775,0.6664096514739772,1.0,1,0,0,1,0,0,0,1,1,0,0,1,0,1,1,0,1,0,0,1,0,ID12595
495,44,38459.9,0,0.8484840775046264,0.5306122448979592,0.5754999192131447,0.0,0,1,1,0,0,0,0,1,1,0,1,0,1,0,0,1,0,1,0,1,0,ID12596
496,50,40972.9,2,1.0434608579519875,0.6530612244897959,0.6187411050574981,0.6666666666666666,0,1,0,0,0,1,1,0,0,1,0,1,0,1,0,1,0,1,0,1,0,ID12597
497,64,46587.9,0,1.4791133140649728,0.9387755102040817,0.7153583985378182,0.0,0,1,1,0,0,0,1,0,1,0,0,1,0,1,1,0,0,1,0,0,1,ID12598
498,51,43799.6,0,1.2627767613704335,0.673469387755102,0.6673801261582676,0.0,1,0,0,0,0,1,1,0,1,0,0,1,0,1,0,1,1,0,0,1,0,ID12599
499,46,18912.2,0,-0.6681683742068256,0.5714285714285714,0.23914268541701764,0.0,1,0,0,0,0,1,0,1,0,1,1,0,0,1,1,0,0,1,0,1,0,ID12600
500,39,27765.8,3,0.018758177074016107,0.42857142857142855,0.3914865624530572,1.0,1,0,1,0,0,0,0,1,0,1,0,1,1,0,1,0,1,0,0,1,0,ID12601
501,58,33007.3,1,0.42543179216149857,0.8163265306122449,0.48167704219964635,0.3333333333333333,1,0,1,0,0,0,1,0,0,1,1,0,0,1,1,0,0,1,0,0,1,ID12602
502,32,26325.3,0,-0.09300626870171948,0.2857142857142857,0.3666998819083731,0.0,1,0,0,0,0,1,0,1,0,1,1,0,1,0,1,0,1,0,0,1,0,ID12603
503,22,15308.2,0,-0.947792853606861,0.08163265306122448,0.17712866481094933,0.0,1,0,1,0,0,0,1,0,0,1,0,1,0,1,0,1,1,0,1,0,0,ID12604
504,63,59805.6,1,2.5046384198823555,0.9183673469387755,0.9427953353205122,0.3333333333333333,1,0,1,0,0,0,0,1,0,1,0,1,0,1,1,0,0,1,0,0,1,ID12605
505,35,28658.3,0,0.08800480522732677,0.3469387755102041,0.40684380812201276,0.0,1,0,0,0,0,1,0,1,0,1,0,1,0,1,1,0,1,0,0,1,0,ID12606
506,59,23175.0,0,-0.3374294089497582,0.8367346938775511,0.31249267627149824,0.0,1,0,1,0,0,0,0,1,1,0,1,0,1,0,0,1,0,1,0,0,1,ID12607
507,22,11595.4,0,-1.2358588267246335,0.08163265306122448,0.113242522828094,0.0,1,0,0,0,1,0,1,0,0,1,0,1,0,1,1,0,0,1,1,0,0,ID12608
508,60,50409.9,2,1.7756518158038561,0.8571428571428571,0.7811235446966398,0.6666666666666666,0,1,0,0,1,0,1,0,1,0,0,1,0,1,0,1,0,1,0,0,1,ID12609
509,23,11215.3,2,-1.265349743655808,0.10204081632653061,0.10670214290790349,0.6666666666666666,1,0,0,1,0,0,0,1,0,1,0,1,0,1,1,0,0,1,1,0,0,ID12610
510,29,13327.8,0,-1.1014466602116975,0.22448979591836735,0.14305192607391887,0.0,1,0,0,0,0,1,0,1,1,0,0,1,1,0,1,0,1,0,1,0,0,ID12611
511,44,16088.8,3,-0.8872282396724361,0.5306122448979592,0.19056044740947786,1.0,0,1,1,0,0,0,0,1,1,0,0,1,0,1,1,0,1,0,0,1,0,ID12612
512,63,43943.0,0,1.2739027742300244,0.9183673469387755,0.6698476096640695,0.0,1,0,0,0,0,1,0,1,0,1,0,1,0,1,0,1,1,0,0,0,1,ID12613
513,25,14505.3,3,-1.0100876634043885,0.14285714285714285,0.1633131661581712,1.0,1,0,0,1,0,0,1,0,1,0,0,1,0,1,1,0,1,0,1,0,0,ID12614
514,37,33886.4,0,0.493638751051779,0.3877551020408163,0.4968037140960932,0.0,0,1,1,0,0,0,1,0,0,1,0,1,1,0,1,0,0,1,0,1,0,ID12615
515,48,16662.5,1,-0.8427164295082296,0.6122448979591837,0.20043210213248047,0.3333333333333333,1,0,1,0,0,0,0,1,1,0,0,1,0,1,1,0,0,1,0,1,0,ID12616
516,35,20262.6,0,-0.563394540416091,0.3469387755102041,0.26237901544654996,0.0,1,0,0,0,0,1,1,0,1,0,0,1,1,0,1,0,0,1,0,1,0,ID12617
517,51,33615.4,1,0.4726126040158718,0.673469387755102,0.4921406176520742,0.3333333333333333,0,1,0,0,0,1,0,1,1,0,0,1,1,0,0,1,0,1,0,1,0,ID12618
518,27,22007.1,3,-0.4280435680760905,0.1836734693877551,0.29239662336755057,1.0,1,0,0,0,0,1,1,0,1,0,1,0,0,1,1,0,1,0,1,0,0,ID12619
519,56,28981.1,3,0.11304997225017117,0.7755102040816326,0.41239822705975937,1.0,1,0,1,0,0,0,0,1,0,1,0,1,0,1,0,1,1,0,0,0,1,ID12620
520,38,12163.9,2,-1.1917504703042894,0.40816326530612246,0.12302470116176488,0.6666666666666666,1,0,1,0,0,0,0,1,0,1,1,0,0,1,1,0,0,1,0,1,0,ID12621
521,36,17247.7,2,-0.7973123658720195,0.3673469387755102,0.2105016373318898,0.6666666666666666,1,0,0,0,0,1,0,1,0,1,0,1,0,1,1,0,1,0,0,1,0,ID12622
522,27,12683.6,3,-1.1514283720955771,0.1836734693877551,0.13196717799555338,1.0,0,1,0,0,1,0,1,0,1,0,0,1,0,1,0,1,1,0,1,0,0,ID12623
523,34,16291.0,0,-0.8715400960168626,0.32653061224489793,0.1940397023946463,0.0,1,0,0,0,0,1,0,1,0,1,0,1,1,0,0,1,1,0,0,1,0,ID12624
524,44,18707.3,0,-0.684066003460174,0.5306122448979592,0.23561697153738848,0.0,0,1,0,0,1,0,0,1,0,1,0,1,0,1,0,1,0,1,0,1,0,ID12625
525,43,19326.9,1,-0.635992938133797,0.5102040816326531,0.24627842746622314,0.3333333333333333,1,0,1,0,0,0,0,1,1,0,1,0,0,1,1,0,0,1,0,1,0,ID12626
526,32,14511.8,2,-1.0095833462245605,0.2857142857142857,0.16342501164483586,0.6666666666666666,0,1,1,0,0,0,1,0,1,0,0,1,1,0,0,1,1,0,0,1,0,ID12627
527,21,10672.0,1,-1.3075029011635881,0.061224489795918366,0.09735358092253255,0.3333333333333333,1,0,0,0,0,1,1,0,1,0,0,1,0,1,0,1,1,0,1,0,0,ID12628
528,30,25830.5,2,-0.13139644417539798,0.24489795918367346,0.3581858593235,0.6666666666666666,1,0,1,0,0,0,0,1,1,0,1,0,0,1,1,0,1,0,1,0,0,ID12629
529,55,43499.5,1,1.2394928251140656,0.7551020408163265,0.6622163060739499,0.3333333333333333,0,1,0,1,0,0,0,1,0,1,0,1,0,1,1,0,1,0,0,1,0,ID12630
530,64,59175.1,1,2.4557196534390364,0.9387755102040817,0.9319463231140399,0.3333333333333333,0,1,0,0,1,0,0,1,1,0,0,1,0,1,1,0,0,1,0,0,1,ID12631
531,36,27642.9,1,0.0092227030123447,0.3673469387755102,0.38937182240519763,0.3333333333333333,1,0,1,0,0,0,1,0,0,1,1,0,1,0,1,0,0,1,0,1,0,ID12632
532,59,30067.5,1,0.19734076981404436,0.8367346938775511,0.43109190963091165,0.3333333333333333,0,1,1,0,0,0,1,0,1,0,0,1,0,1,1,0,0,1,0,0,1,ID12633
533,60,29714.4,0,0.16994470886061702,0.8571428571428571,0.42501611865532823,0.0,0,1,1,0,0,0,0,1,0,1,1,0,0,1,0,1,0,1,0,0,1,ID12634
534,27,13950.4,1,-1.0531408331100154,0.1836734693877551,0.15376500299659868,0.3333333333333333,1,0,0,0,0,1,1,0,0,1,0,1,0,1,0,1,1,0,1,0,0,ID12635
535,29,10072.6,0,-1.3540087038695763,0.22448979591836735,0.08703970635225582,0.0,0,1,1,0,0,0,0,1,1,0,1,0,0,1,1,0,1,0,1,0,0,ID12636
536,53,37850.6,1,0.8012101609401308,0.7142857142857143,0.5650156953631786,0.3333333333333333,1,0,1,0,0,0,1,0,1,0,0,1,0,1,1,0,0,1,0,1,0,ID12637
537,61,57176.4,2,2.3006460000048383,0.8775510204081632,0.8975546963145536,0.6666666666666666,1,0,0,1,0,0,1,0,1,0,0,1,0,1,1,0,0,1,0,0,1,ID12638
538,43,38784.0,0,0.8736301079634364,0.5102040816326531,0.5810767072482242,0.0,1,0,1,0,0,0,0,1,1,0,0,1,0,1,1,0,1,0,0,1,0,ID12639
539,19,10191.8,0,-1.3447603026641146,0.02040816326530612,0.08909078050770623,0.0,0,1,1,0,0,0,0,1,1,0,0,1,0,1,0,1,0,1,1,0,0,ID12640
540,48,21821.4,1,-0.44245152196748505,0.6122448979591837,0.28920128384853094,0.3333333333333333,1,0,1,0,0,0,0,1,0,1,0,1,1,0,0,1,0,1,0,1,0,ID12641
541,39,37389.0,2,0.765395882446497,0.42857142857142855,0.5570729451101928,0.6666666666666666,0,1,0,1,0,0,0,1,1,0,0,1,0,1,1,0,0,1,0,1,0,ID12642
542,32,14627.9,2,-1.0005754655202475,0.2857142857142857,0.1654227441066462,0.6666666666666666,0,1,1,0,0,0,0,1,0,1,0,1,0,1,1,0,1,0,0,1,0,ID12643
543,63,48770.5,1,1.6484552643253825,0.9183673469387755,0.752914392260017,0.3333333333333333,0,1,0,0,1,0,0,1,0,1,0,1,1,0,0,1,0,1,0,0,1,ID12644
544,46,21096.2,1,-0.4987178017846065,0.5714285714285714,0.2767227689363443,0.3333333333333333,0,1,0,1,0,0,0,1,0,1,0,1,0,1,1,0,0,1,0,1,0,ID12645
545,40,36256.9,0,0.6775593471721408,0.4489795918367347,0.5375929027327983,0.0,0,1,1,0,0,0,1,0,1,0,1,0,0,1,0,1,0,1,0,1,0,ID12646
546,27,15281.8,0,-0.9498411572295473,0.1836734693877551,0.1766744000651113,0.0,1,0,1,0,0,0,1,0,0,1,1,0,1,0,0,1,0,1,1,0,0,ID12647
547,22,9316.98,2,-1.412635188088293,0.08163265306122448,0.07403775456247852,0.6666666666666666,0,1,0,0,1,0,0,1,0,1,0,1,0,1,1,0,1,0,1,0,0,ID12648
548,42,20736.2,1,-0.5266492148212361,0.4897959183673469,0.27052824967491684,0.3333333333333333,0,1,0,1,0,0,0,1,0,1,0,1,0,1,1,0,0,1,0,1,0,ID12649
549,58,52662.5,1,1.9504248741547217,0.8163265306122449,0.8198840282752273,0.3333333333333333,1,0,0,0,0,1,0,1,0,1,0,1,0,1,0,1,0,1,0,0,1,ID12650
550,23,8020.19,1,-1.513249568954323,0.10204081632653061,0.051723891692960385,0.3333333333333333,1,0,1,0,0,0,0,1,0,1,1,0,0,1,1,0,1,0,1,0,0,ID12651
551,58,32245.4,3,0.3663180599598095,0.8163265306122449,0.468567030462753,1.0,0,1,0,0,1,0,0,1,1,0,1,0,1,0,1,0,1,0,0,0,1,ID12652
552,45,41107.2,2,1.0538808267598185,0.5510204081632653,0.6210520048819694,0.6666666666666666,0,1,1,0,0,0,0,1,0,1,0,1,0,1,1,0,1,0,0,1,0,ID12653
553,49,39358.3,0,0.9181884704827042,0.6326530612244898,0.5909586861699959,0.0,1,0,0,0,1,0,0,1,0,1,1,0,1,0,0,1,1,0,0,1,0,ID12654
554,67,36095.9,3,0.6650677985640926,1.0,0.5348225760631043,1.0,1,0,1,0,0,0,0,1,0,1,0,1,0,1,1,0,1,0,0,0,1,ID12655
555,20,7723.93,2,-1.5362355701383001,0.04081632653061224,0.04662614648076456,0.6666666666666666,1,0,0,0,0,1,0,1,0,1,0,1,0,1,1,0,1,0,1,0,0,ID12656
556,43,18565.8,1,-0.6950446005287381,0.5102040816326531,0.23318218132768853,0.3333333333333333,1,0,0,1,0,0,0,1,0,1,0,1,0,1,0,1,0,1,0,1,0,ID12657
557,41,25132.9,0,-0.18552131565971106,0.46938775510204084,0.34618225755468945,0.0,0,1,0,1,0,0,0,1,1,0,1,0,0,1,1,0,1,0,0,1,0,ID12658
558,38,31290.6,0,0.292237745605993,0.40816326530612246,0.45213778882161143,0.0,1,0,0,0,1,0,0,1,1,0,0,1,0,1,1,0,1,0,0,1,0,ID12659
559,67,24858.4,0,-0.20681901810014106,1.0,0.34145893661785104,0.0,1,0,0,0,1,0,0,1,1,0,1,0,0,1,0,1,0,1,0,0,1,ID12660
560,40,16398.8,1,-0.8631761895575607,0.4489795918367347,0.19589461677348485,0.3333333333333333,0,1,1,0,0,0,1,0,1,0,0,1,0,1,1,0,0,1,0,1,0,ID12661
561,25,23287.9,0,-0.3286698074724373,0.14285714285714285,0.3144353463398737,0.0,1,0,0,0,1,0,1,0,1,0,1,0,0,1,0,1,0,1,1,0,0,ID12662
562,57,50897.6,0,1.8134911217426453,0.7959183673469388,0.7895153975960791,0.0,1,0,0,1,0,0,0,1,1,0,0,1,0,1,1,0,1,0,0,0,1,ID12663
563,32,22446.5,1,-0.3939517267197154,0.2857142857142857,0.2999573782660818,0.3333333333333333,1,0,1,0,0,0,1,0,1,0,1,0,0,1,0,1,0,1,0,1,0,ID12664
564,44,23092.1,0,-0.3438613926740266,0.5306122448979592,0.31106621614157504,0.0,0,1,0,0,1,0,0,1,0,1,1,0,0,1,0,1,0,1,0,1,0,ID12665
565,30,24867.6,0,-0.20610521532253853,0.24489795918367346,0.34161724099897633,0.0,0,1,0,0,0,1,0,1,0,1,0,1,1,0,1,0,1,0,1,0,0,ID12666
566,43,22234.7,0,-0.4103847080562657,0.5102040816326531,0.29631293610060866,0.0,0,1,0,0,0,1,0,1,1,0,1,0,0,1,0,1,1,0,0,1,0,ID12667
567,19,17371.1,2,-0.7877380981811306,0.02040816326530612,0.21262498087872353,0.6666666666666666,1,0,1,0,0,0,0,1,0,1,0,1,0,1,1,0,1,0,1,0,0,ID12668
568,37,29574.0,0,0.1590514577763314,0.3877551020408163,0.4226002561433715,0.0,1,0,0,0,0,1,0,1,0,1,0,1,0,1,1,0,1,0,0,1,0,ID12669
569,49,17944.2,1,-0.7432728403719849,0.6326530612244898,0.22248631140295713,0.3333333333333333,0,1,1,0,0,0,1,0,0,1,0,1,0,1,0,1,0,1,0,1,0,ID12670
570,49,33665.5,3,0.4764997256634693,0.6326530612244898,0.4930026882492895,1.0,1,0,0,1,0,0,1,0,0,1,1,0,0,1,1,0,1,0,0,1,0,ID12671
571,40,36166.2,0,0.6705221828320785,0.4489795918367347,0.5360322280188774,0.0,0,1,1,0,0,0,0,1,1,0,1,0,1,0,1,0,1,0,0,1,0,ID12672
572,33,27712.9,2,0.014653811102800438,0.30612244897959184,0.39057631226158634,0.6666666666666666,1,0,0,0,1,0,1,0,1,0,0,1,0,1,1,0,0,1,0,1,0,ID12673
573,39,22400.7,2,-0.3975052231560421,0.42857142857142855,0.29916929776004464,0.6666666666666666,0,1,0,0,0,1,0,1,0,1,0,1,0,1,1,0,1,0,0,1,0,ID12674
574,43,28469.9,0,0.07338736573815749,0.5102040816326531,0.40360200970853244,0.0,1,0,1,0,0,0,0,1,0,1,0,1,0,1,1,0,1,0,0,1,0,ID12675
575,37,30488.0,0,0.22996621198599632,0.3877551020408163,0.4383274522682179,0.0,0,1,0,0,0,1,0,1,1,0,0,1,0,1,0,1,1,0,0,1,0,ID12676
576,24,19160.3,1,-0.6489189753890818,0.12244897959183673,0.24341174160801804,0.3333333333333333,1,0,0,0,0,1,0,1,0,1,0,1,0,1,1,0,0,1,1,0,0,ID12677
577,62,45342.5,0,1.3824861424099215,0.8979591836734694,0.6939288032928688,0.0,0,1,0,0,0,1,0,1,0,1,0,1,1,0,1,0,0,1,0,0,1,ID12678
578,18,6294.21,0,-1.6471636252681057,0.0,0.022024957373964333,0.0,0,1,1,0,0,0,1,0,1,0,0,1,0,1,0,1,1,0,0,0,0,ID12679
579,47,25127.7,0,-0.18592476940357355,0.5918367346938775,0.34609278116535774,0.0,1,0,0,0,0,1,0,1,0,1,1,0,1,0,1,0,1,0,0,1,0,ID12680
580,63,51879.3,2,1.8896585333483655,0.9183673469387755,0.8064075074820329,0.6666666666666666,0,1,0,0,1,0,0,1,0,1,0,1,1,0,0,1,0,1,0,0,1,ID12681
581,20,12644.9,2,-1.154430998997015,0.04081632653061224,0.13130126717494991,0.6666666666666666,0,1,0,0,0,1,0,1,0,1,1,0,0,1,0,1,1,0,1,0,0,ID12682
582,46,21984.4,3,-0.42980479884256667,0.5714285714285714,0.2920060245141217,1.0,1,0,0,0,0,1,1,0,1,0,0,1,1,0,1,0,1,0,0,1,0,ID12683
583,47,29093.1,2,0.12173974519490036,0.5918367346938775,0.41432541082998126,0.6666666666666666,1,0,0,1,0,0,1,0,0,1,0,1,0,1,1,0,1,0,0,1,0,ID12684
584,33,23528.4,1,-0.3100100718188001,0.30612244897959184,0.3185736293464662,0.3333333333333333,0,1,0,0,0,1,0,1,1,0,0,1,0,1,0,1,0,1,0,1,0,ID12685
585,20,9516.91,3,-1.397123167509367,0.04081632653061224,0.07747794966230406,1.0,0,1,0,0,0,1,1,0,0,1,0,1,0,1,1,0,1,0,1,0,0,ID12686
586,20,18364.9,1,-0.7106318807483459,0.04081632653061224,0.22972529543985307,0.3333333333333333,0,1,1,0,0,0,0,1,1,0,1,0,0,1,1,0,0,1,1,0,0,ID12687
587,43,31273.8,1,0.2909342796642837,0.5102040816326531,0.4518487112560782,0.3333333333333333,1,0,0,0,0,1,1,0,0,1,0,1,1,0,1,0,0,1,0,1,0,ID12688
588,58,49673.6,0,1.718524317418105,0.8163265306122449,0.7684540321072257,0.0,0,1,0,1,0,0,0,1,1,0,0,1,0,1,1,0,1,0,0,0,1,ID12689
589,29,12623.4,1,-1.1560991250533692,0.22448979591836735,0.1309313167190591,0.3333333333333333,0,1,0,0,1,0,0,1,0,1,0,1,0,1,1,0,1,0,1,0,0,ID12690
590,25,23818.6,0,-0.28749424942093954,0.14285714285714285,0.32356710015109463,0.0,0,1,1,0,0,0,0,1,1,0,1,0,1,0,1,0,1,0,1,0,0,ID12691
591,40,31473.9,2,0.30645949007714374,0.4489795918367347,0.45529183154555497,0.6666666666666666,1,0,1,0,0,0,1,0,1,0,0,1,0,1,0,1,0,1,0,1,0,ID12692
592,48,20268.0,0,-0.5629755692205415,0.6122448979591837,0.2624719332354714,0.0,0,1,0,0,0,1,0,1,1,0,0,1,0,1,1,0,1,0,0,1,0,ID12693
593,65,51417.0,2,1.853789943773827,0.9591836734693877,0.7984527123304831,0.6666666666666666,0,1,0,0,1,0,0,1,1,0,0,1,0,1,1,0,0,1,0,0,1,ID12694
594,59,30971.8,3,0.26750292761688893,0.8367346938775511,0.44665219787565846,1.0,1,0,0,1,0,0,0,1,0,1,0,1,0,1,0,1,1,0,0,0,1,ID12695
595,61,47025.0,2,1.513026704726947,0.8775510204081632,0.722879577341068,0.6666666666666666,1,0,1,0,0,0,1,0,0,1,0,1,0,1,0,1,1,0,0,0,1,ID12696
596,30,9672.25,0,-1.3850707627840613,0.24489795918367346,0.08015088472361001,0.0,1,0,1,0,0,0,0,1,0,1,0,1,0,1,1,0,1,0,1,0,0,ID12697
597,31,15976.3,0,-0.8959568062463829,0.2653061224489796,0.18862466014028179,0.0,1,0,0,0,0,1,0,1,0,1,0,1,1,0,1,0,0,1,0,1,0,ID12698
598,29,14711.8,0,-0.994065894537544,0.22448979591836735,0.1668664112345178,0.0,0,1,1,0,0,0,0,1,1,0,0,1,1,0,0,1,1,0,1,0,0,ID12699
599,38,26671.6,0,-0.06613780110565065,0.40816326530612246,0.3726586652979073,0.0,0,1,0,0,0,1,1,0,0,1,1,0,0,1,0,1,0,1,0,1,0,ID12700
